DROP DATABASE IF EXISTS secure_banking_system;

CREATE DATABASE secure_banking_system;

USE secure_banking_system;

CREATE TABLE `secure_banking_system`.`user` (
  id INT PRIMARY KEY AUTO_INCREMENT,
  username VARCHAR(255) NOT NULL UNIQUE,
  password VARCHAR(60) NOT NULL,
  status INT NOT NULL,
  incorrect_attempts INT DEFAULT 0,
  created_date DATETIME DEFAULT NOW(),
  modified_date DATETIME DEFAULT NOW(),
  role VARCHAR(100)
);

CREATE TABLE `secure_banking_system`.`user_details` (
  id INT PRIMARY KEY AUTO_INCREMENT,
  user_id INT NOT NULL,
  first_name VARCHAR(255) NOT NULL,
  middle_name VARCHAR(255) DEFAULT NULL,
  last_name VARCHAR(255) NOT NULL,
  email VARCHAR(255) NOT NULL,
  phone VARCHAR(15) NOT NULL,
  address1 VARCHAR(255) NOT NULL,
  address2 VARCHAR(255) NOT NULL,
  city VARCHAR(255) NOT NULL,
  province VARCHAR(255) NOT NULL,
  zip INT NOT NULL,
  date_of_birth DATETIME NOT NULL,
  ssn VARCHAR(15) NOT NULL UNIQUE,
  question_1 VARCHAR(255) NOT NULL,
  question_2 VARCHAR(255) NOT NULL,
  FOREIGN KEY (user_id) REFERENCES `secure_banking_system`.`user`(id) ON DELETE CASCADE
);

CREATE TABLE `secure_banking_system`.`account` (
  id INT PRIMARY KEY AUTO_INCREMENT,
  user_id INT NOT NULL,
  account_number VARCHAR(255) NOT NULL UNIQUE,
  account_type VARCHAR(100) NOT NULL,
  current_balance DECIMAL(30, 5) DEFAULT 0.0,
  created_date DATETIME NOT NULL DEFAULT NOW(),
  status BOOLEAN NOT NULL,
  interest DECIMAL(10, 5) DEFAULT 0.0,
  approval_date DATETIME,
  default_flag INT,
  FOREIGN KEY (user_id) REFERENCES `secure_banking_system`.`user`(id)
);

CREATE TABLE `secure_banking_system`.`transaction` (
  id INT PRIMARY KEY AUTO_INCREMENT,
  approval_status BOOLEAN NOT NULL,
  customer_approval INT NOT NULL DEFAULT 0,
  amount DECIMAL(10, 5),
  is_critical_transaction BOOLEAN NOT NULL,
  requested_date DATETIME NOT NULL DEFAULT NOW(),
  decision_date DATETIME DEFAULT NULL,
  from_account VARCHAR(255),
  to_account VARCHAR(255),
  transaction_type VARCHAR(100) NOT NULL,
  request_assigned_to INT DEFAULT NULL,
  approval_level_required VARCHAR(100) NOT NULL,
  level_1_approval BOOLEAN DEFAULT NULL,
  level_2_approval BOOLEAN DEFAULT NULL,
  approved BOOLEAN DEFAULT NULL, /* Can be approved by merchant or bank employee depending on type of request */
  FOREIGN KEY (request_assigned_to) REFERENCES `secure_banking_system`.`user`(id),
  FOREIGN KEY (from_account) REFERENCES `secure_banking_system`.`account`(account_number),
  FOREIGN KEY (to_account) REFERENCES `secure_banking_system`.`account`(account_number)
);

CREATE TABLE `secure_banking_system`.`appointment` (
  id INT PRIMARY KEY AUTO_INCREMENT,
  appointment_user_id INT NOT NULL,
  assigned_to_user_id INT NOT NULL,
  created_date DATETIME NOT NULL DEFAULT NOW(),
  appointment_status VARCHAR(255) NOT NULL,
  FOREIGN KEY (appointment_user_id) REFERENCES `secure_banking_system`.`user`(id),
  FOREIGN KEY (assigned_to_user_id) REFERENCES `secure_banking_system`.`user`(id)
);

CREATE TABLE `secure_banking_system`.`login_history` (
  id INT PRIMARY KEY AUTO_INCREMENT, 
  username VARCHAR(255) NOT NULL,
  ip_address VARCHAR(25) NOT NULL,
  logged_in DATETIME NOT NULL DEFAULT NOW(),
  FOREIGN KEY (username) REFERENCES `secure_banking_system`.`user`(username)
);

/*
 * MODE is the mode of communication
 * 0 - SMS
 * 1 - EMail
 * */
CREATE TABLE `secure_banking_system`.`otp` (
  id INT PRIMARY KEY AUTO_INCREMENT,
  otp_key VARCHAR(255) UNIQUE,
  initator INT NOT NULL,
  creation_date DATETIME NOT NULL DEFAULT NOW(),
  expiry_date DATETIME NOT NULL,
  mode INT NOT NULL,
  completed BOOLEAN NOT NULL DEFAULT FALSE,
  ip_address VARCHAR(255) NOT NULL,
  FOREIGN KEY (initator) REFERENCES `secure_banking_system`.`user`(id)
);


CREATE TABLE `secure_banking_system`.`cashierscheck` (
  id INT PRIMARY KEY AUTO_INCREMENT,
  from_account_number VARCHAR(255) NOT NULL,
  first_name VARCHAR(255) NOT NULL,
  last_name VARCHAR(255) NOT NULL,
  middle_name VARCHAR(255),
  transaction_status VARCHAR(100),
  deposit_amount DECIMAL(30, 5) NOT NULL
);


-- Generation time: Thu, 19 Mar 2020 07:54:02 +0000
-- Host: mysql.hostinger.ro
-- DB name: u574849695_22
/*!40030 SET NAMES UTF8 */;
/*!40101 SET @OLD_CHARACTER_SET_CLIENT=@@CHARACTER_SET_CLIENT */;
/*!40101 SET @OLD_CHARACTER_SET_RESULTS=@@CHARACTER_SET_RESULTS */;
/*!40101 SET @OLD_COLLATION_CONNECTION=@@COLLATION_CONNECTION */;
/*!40103 SET @OLD_TIME_ZONE=@@TIME_ZONE */;
/*!40103 SET TIME_ZONE='+00:00' */;
/*!40014 SET @OLD_UNIQUE_CHECKS=@@UNIQUE_CHECKS, UNIQUE_CHECKS=0 */;
/*!40014 SET @OLD_FOREIGN_KEY_CHECKS=@@FOREIGN_KEY_CHECKS, FOREIGN_KEY_CHECKS=0 */;
/*!40101 SET @OLD_SQL_MODE=@@SQL_MODE, SQL_MODE='NO_AUTO_VALUE_ON_ZERO' */;
/*!40111 SET @OLD_SQL_NOTES=@@SQL_NOTES, SQL_NOTES=0 */;

/*
becker.westley (customer)
astrid25

mreynolds (tier2)
esteban10
lolson

uheathcote (admin)
king.vito
lonnie34

herzog.sophia (tier1)
else.paucek
katheryn.runte

All have password: 1234
*/


INSERT INTO `user` VALUES ('1','becker.westley','$2a$10$KERumbzDDN4phCp8ywE.IuSv2WesIQWAFWMPb3MZPytzYTyA/P35S','1','0','1997-11-03 00:48:05','1977-09-18 17:11:09','customer'),
('2','astrid25','$2a$10$KERumbzDDN4phCp8ywE.IuSv2WesIQWAFWMPb3MZPytzYTyA/P35S','1','6','1977-07-22 06:42:00','1981-11-28 07:52:34','customer'),
('3','grimes.sister','$2a$10$KERumbzDDN4phCp8ywE.IuSv2WesIQWAFWMPb3MZPytzYTyA/P35S','1','5','1980-02-17 20:25:36','2011-03-14 06:10:53','tier1'),
('4','mreynolds','$2a$10$KERumbzDDN4phCp8ywE.IuSv2WesIQWAFWMPb3MZPytzYTyA/P35S','1','8','2011-02-28 23:33:45','1979-03-26 11:16:58','tier2'),
('5','esteban10','$2a$10$KERumbzDDN4phCp8ywE.IuSv2WesIQWAFWMPb3MZPytzYTyA/P35S','1','3','1970-11-05 14:56:43','2011-12-15 13:33:52','tier2'),
('6','uheathcote','$2a$10$KERumbzDDN4phCp8ywE.IuSv2WesIQWAFWMPb3MZPytzYTyA/P35S','1','4','1985-12-11 12:39:10','2006-07-16 05:55:07','admin'),
('7','lolson','$2a$10$KERumbzDDN4phCp8ywE.IuSv2WesIQWAFWMPb3MZPytzYTyA/P35S','1','6','1986-03-14 10:52:17','2007-06-17 22:19:16','tier2'),
('8','murazik.dominique','1ca40fd0a743eb2cc9658bc67338e57d3dca7e21','0','3','1978-09-05 05:25:30','2006-07-14 13:22:42','customer'),
('9','lonnie34','$2a$10$KERumbzDDN4phCp8ywE.IuSv2WesIQWAFWMPb3MZPytzYTyA/P35S','1','5','2019-06-29 14:27:24','1974-11-09 17:00:21','admin'),
('10','wilma.kling','79422bf33577764390fa363245951ab993347570','1','2','1984-09-03 04:55:24','1974-07-06 18:31:27','customer'),
('11','francisca.robel','e856cfba0f95653b4929ca683b1936e7df74cd4d','0','8','1978-12-17 04:51:07','1991-12-06 16:54:19','customer'),
('12','vkub','1087272eb6df1bf5ed1c2e8c3ec21f3d26112224','1','5','1997-10-24 05:19:03','1976-01-30 23:02:04','customer'),
('13','king.vito','$2a$10$KERumbzDDN4phCp8ywE.IuSv2WesIQWAFWMPb3MZPytzYTyA/P35S','1','6','1971-08-07 02:13:33','1997-07-05 09:46:17','admin'),
('14','herzog.sophia','$2a$10$KERumbzDDN4phCp8ywE.IuSv2WesIQWAFWMPb3MZPytzYTyA/P35S','1','8','1990-12-01 12:53:21','1973-01-19 02:52:34','tier1'),
('15','weissnat.evan','f6fb928b6e62e876d02fe966eb5d3d1cb62f1c6e','0','3','1998-08-13 23:52:41','1983-04-29 13:19:43','customer'),
('16','davis.lorenz','8ac9e175dfd4a79fe6a00bb553d3e523af10d182','3','0','1977-12-12 05:46:58','2008-07-08 03:18:25','admin'),
('17','else.paucek','$2a$10$KERumbzDDN4phCp8ywE.IuSv2WesIQWAFWMPb3MZPytzYTyA/P35S','1','2','1995-05-11 18:44:48','1980-03-11 10:43:47','tier1'),
('18','yazmin53','c9119fc6fb84268a7e7e7ea3266a2194e5c86c59','2','1','1970-01-29 20:05:02','1985-03-09 02:46:45','customer'),
('19','robb73','e428f7b2ead1f6e67e89054ef65bdc08979a0958','1','5','1973-04-21 08:36:45','2007-05-02 07:24:25','admin'),
('20','nhalvorson','04cb24ed40897959db7fcaeac1515397674c63dc','2','2','2017-01-21 19:07:38','2003-06-02 13:42:52','tier2'),
('21','effertz.valerie','6e08c5be533d2b258d4f22188679c645cb5950c5','1','9','2017-11-17 23:44:17','2020-01-10 09:14:58','customer'),
('22','lesly.zulauf','5a40a802d63bf9c115dc788788ed1c8df6740732','3','4','1988-06-15 04:38:51','1982-12-30 17:32:31','customer'),
('23','mateo03','dfc70829856140a91bf8da965aca3ad2b6129332','1','8','1976-12-30 16:17:42','2019-06-21 07:45:51','admin'),
('24','uupton','3e15f4be6d97b9accf9326aa347c78932e2e20df','1','1','1999-10-17 14:03:40','1971-03-28 02:10:23','customer'),
('25','chalvorson','adbeb65bfabd8a1257d22cc76533767015168faa','2','9','1992-03-17 16:52:23','2007-12-05 12:05:02','customer'),
('26','ibeahan','e8fe690483b04f3391c83900a00833aadb960a9a','2','4','1994-11-16 11:44:46','2015-03-02 23:17:29','admin'),
('27','pmarvin','7786ba457b416dfce64c10a5c50b1bf0b854c0f1','0','3','1992-11-22 10:33:07','1992-06-25 23:00:03','admin'),
('28','roma43','084e2ad5b5cdb7e0cba1888aa7cac8322fc71423','2','3','2003-08-12 12:00:51','1995-02-06 23:38:03','tier2'),
('29','rleuschke','4e3ee2f07c23b1d4e60f00d9945e3ae09c551a3f','3','7','2018-01-27 17:55:46','1986-03-01 09:20:29','customer'),
('30','madyson47','685e347b416a47780f9d42084090c5b118bb38bb','1','4','2013-04-27 16:47:22','1995-02-06 00:51:40','customer'),
('31','lera.runolfsdottir','1e828cfa9eb7bf8f898ddd037498785da0dda3d6','0','6','1981-11-04 22:07:03','1978-02-10 05:36:51','customer'),
('32','katheryn.runte','$2a$10$KERumbzDDN4phCp8ywE.IuSv2WesIQWAFWMPb3MZPytzYTyA/P35S','1','6','1984-02-16 05:07:41','2010-03-05 20:37:27','tier1'),
('33','sincere.little','eaa3ccf86cde2f28c6134cd727f4777748b35a5e','0','5','2005-04-29 22:34:37','2004-03-06 09:03:41','customer'),
('34','sjenkins','fa5e474f4459324a50d6c9c466ec3d41d60552f0','1','5','1991-06-29 00:02:23','2013-09-12 07:21:05','admin'),
('35','kailey.gibson','503302796342b0409a3db383e60c69afb588058c','3','9','2010-07-23 23:03:55','1983-09-09 11:05:21','admin'),
('36','gerard.torp','5f2b4cb2846d7d2229b8383c8573b5579709c3c5','3','4','1971-01-02 01:26:53','2015-05-20 18:41:25','tier1'),
('37','karelle.fritsch','659ba6fc8e9710bb4d3dfcc13e7e85794edd662f','3','2','1973-09-12 08:15:38','1972-01-04 07:26:43','tier2'),
('38','murray.jennings','c6956181e11f46c5af98c74908fc6a02a43b8990','1','5','2010-01-06 23:41:42','2006-03-02 16:09:39','customer'),
('39','mbogan','5b904b4f0cb011e7b2fc39b7d2ff9e253fb44d39','1','8','2011-10-31 15:22:38','2008-03-09 15:33:36','admin'),
('40','kdickinson','eb1913aca9e5a8cee967dbab74ac0e5b6014bd04','1','5','1996-03-18 12:38:06','2005-03-14 15:47:52','tier2'),
('41','osatterfield','b4bc22afbc6b1558317e1034bcdf676ac44513a0','1','4','2003-04-14 09:43:37','1989-02-25 04:10:51','customer'),
('42','murray.rosa','59db38ac354179c988b1e1b43fd6efaba89dd90f','2','3','1973-01-02 07:51:47','1993-09-28 17:44:21','customer'),
('43','ubergstrom','8a6d97df202139b0b9253bf6a31b2abe38416f0c','1','0','1992-06-14 13:08:32','2000-06-13 01:42:47','tier1'),
('44','cole.meaghan','48ae786679f5d99ea45d172fbdce765771c055f8','1','3','1987-05-30 07:01:04','2014-02-21 01:26:23','tier2'),
('45','walsh.arlene','2d51f4f57c97dd3350c43d9f8d6456e4acde4ed8','1','8','2008-08-26 12:14:44','1976-09-25 18:57:04','tier1'),
('46','uboyle','bba50df165404ccbd6d97ade8888def07715891f','3','4','2017-01-04 05:00:20','1998-07-07 21:20:19','customer'),
('47','elnora60','86b25a461bce92fe10b6b2b1dcc1fb27aa5e235a','3','6','2004-03-18 12:27:39','2014-01-16 12:32:58','admin'),
('48','omraz','4b220785392fc22a28635e2fa0ee192d4cfaeb20','2','5','2004-04-04 19:44:43','1988-01-20 03:50:27','tier2'),
('49','dkassulke','86de748f1712699d7174e3d68a27e196d0b5d3d8','2','4','1995-07-13 10:17:55','1982-06-07 17:36:03','customer'),
('50','margret09','16862c5b9c9819b54ea32924354387afc3611b09','2','7','1970-08-27 02:18:14','1997-04-04 13:54:34','tier1'),
('51','tillman.matilde','1efb653ba424f1c9cc46a9841f3fb7f7492b105e','2','9','1994-11-24 22:40:00','1996-02-13 10:09:45','admin'),
('52','florida.olson','221cd680e52fcfca1fa4d2fb5bc3160930cf8287','3','1','2011-02-04 14:33:14','1979-04-30 04:07:34','tier2'),
('53','hiram.fahey','a0c7b2e3a4a1a6ced3270f86f51d7d1a68dc49bd','0','9','1971-02-21 00:36:52','1977-11-09 23:49:15','admin'),
('54','fern16','d25663eb23e722f8eec908023cb9e908e43cf03e','0','2','2002-05-06 09:45:12','2014-07-13 12:31:57','admin'),
('55','cremin.laury','4f20d132590abcf06fc46dd4dc08f7c1a4fb3601','1','5','1996-12-27 04:08:23','1983-12-12 06:41:28','admin'),
('56','schuster.jalyn','0ac5fd406ea9eb1d916ba547b20333af93828b29','2','0','1983-02-14 06:44:38','1992-03-16 11:34:31','admin'),
('57','deckow.gennaro','3e4dfa519f9d3980f4cc195c4f50589f33056002','3','1','2006-06-22 18:55:16','1971-02-07 11:24:45','customer'),
('58','bernardo.howell','ff72a61cb963c8da3d01dfdc4ce35e8a03797630','3','4','1995-01-11 05:46:36','1995-01-14 05:11:09','tier2'),
('59','tlittle','157dbf0925dc40633458e44f96a8ba498e174f5f','3','1','2002-07-24 03:22:01','1993-01-09 16:15:06','tier1'),
('60','dorothea34','6dba2ce47478c4eb176664707ae8674aea5a9026','1','4','1996-07-08 03:11:07','2010-11-18 05:53:55','customer'),
('61','yundt.leanne','c368e67e5e7b4f5d3ad4a1c6d8e5bb18089e9096','1','6','2008-10-03 21:29:34','1973-03-13 03:28:02','tier1'),
('62','steuber.hassie','5fa97dd2d66dbca5424982634a48396fa23e578b','2','9','2007-05-09 13:42:37','2001-04-23 10:05:35','tier1'),
('63','tyra29','686d46068a3c9e32569b41cf1c62fe61aa3fed4f','1','5','2017-09-02 13:53:30','2005-02-09 12:10:51','customer'),
('64','dbrakus','3a737f126b84a82f935ad99d9ff4d4c5ba924490','0','9','2013-07-15 18:14:14','2019-10-15 12:40:05','admin'),
('65','donnell.dietrich','cc873d05ec177af079a5df321b13c5f6a2c0908a','0','6','1971-08-24 04:42:44','1981-12-04 11:07:46','tier1'),
('66','jordane13','190adcaaa20cb648e638aeebc4becaa7dbe9a6ff','2','1','1986-04-20 04:55:26','1999-06-14 09:09:56','tier1'),
('67','benny88','99fd34ad233cc7608f5a5e72c50cc64cdc79fa48','3','0','2005-01-21 08:18:02','2013-01-28 10:28:35','admin'),
('68','juwan23','d786b3156e934abd93d9d9e158093265cfdcfecf','2','8','1998-09-28 14:04:32','1993-01-24 09:14:01','tier2'),
('69','hirthe.adele','ab8d027a5e2e1524cf8a42085b22e098f5af0809','0','6','1974-04-15 21:00:25','1972-05-23 05:51:55','customer'),
('70','friesen.jevon','9504e2c1efe405848d603dc0df9ead7a436a6207','0','2','1985-07-27 21:25:23','1996-03-11 03:26:56','tier2'),
('71','shanny.moore','9880b74e59b54500189c391959f00a0e62595c1a','0','6','2003-09-08 11:07:41','2004-04-17 02:14:50','tier2'),
('72','lesch.wava','70fce7e5bfb8a46f4f0c2674da859dfafb5c97f3','1','0','1998-10-21 13:09:22','1970-10-07 14:22:08','tier2'),
('73','jchristiansen','b2f4c5d4a62117cf9c832be70b2aa6f1a790d20e','0','3','2020-02-08 14:56:43','1972-09-25 22:50:17','admin'),
('74','hrutherford','64aa2c80ba4ab025165ca8527559a29a991b7097','3','9','1972-01-07 06:12:47','1975-12-22 11:31:21','customer'),
('75','rowan89','69db89ae49194b22648d1450f70f7b057d940bcc','1','3','1975-11-10 17:51:07','2012-09-23 22:41:23','tier2'),
('76','wlangworth','b0f5723a300a0da2478718f790302a80db4ce02d','0','8','1987-03-25 18:02:45','2017-12-13 08:34:19','tier1'),
('77','amy79','ed1a8c327a3a6e76025df2f9e61a1fd3fac0d504','1','9','1980-12-05 11:26:18','1973-10-02 07:59:00','customer'),
('78','uroob','e4006abc424ff4b0f29dc224d13d625799b76e40','2','9','1970-04-11 00:11:58','2009-01-04 16:32:29','admin'),
('79','rjakubowski','08c05bd07824577154e6797fd5340da6d880b4c7','0','2','1998-03-12 11:35:10','2003-02-08 09:26:22','customer'),
('80','zieme.mac','38ed235b1a6c270a0b0f5b8487ad3a86b5da0255','1','5','2016-03-07 18:54:36','1982-05-31 22:03:37','customer'),
('81','hand.savanah','21e47b9728bf0ef36190c671b99afe4c2206736f','0','2','1993-03-25 11:43:53','2008-09-18 13:37:35','tier2'),
('82','gkonopelski','54b0bf4b15577bd6f7d5ba696ab3f2cc739e135d','3','6','1998-04-13 12:58:31','2001-06-25 11:46:10','tier1'),
('83','jonas.mcclure','7730897458a72fbf975883f842073d71fbff7bd2','1','1','2012-02-29 22:43:59','2007-12-06 06:38:17','admin'),
('84','torp.durward','675222d8779d2710e9dfc6e4f6af7ee959db54fe','2','9','1979-12-09 10:42:57','2008-04-14 17:01:18','tier2'),
('85','bkub','8d0befdd44496592a7f010e903c4d55e7bff1a83','1','5','1986-09-06 09:06:14','1975-12-30 08:29:09','tier2'),
('86','megane.jacobs','990a59bd5c39d4eeb4dc57fb8b4f9c017e589f9b','3','1','2017-08-22 18:26:18','1990-04-15 12:32:41','customer'),
('87','drew40','d072554e91bbce6d03ad2c760ea4ae7aa55cd2bc','0','0','2005-08-17 18:40:54','1974-04-30 05:01:50','tier2'),
('88','dmaggio','914c5bf8f7965cb6a4095b982b05559a599d1221','1','1','2001-01-12 11:09:27','1978-07-22 20:15:39','tier2'),
('89','holson','785c1fd65730522d4c4f3e70c3812a6c6d320364','1','1','1995-02-19 05:49:30','1975-08-09 01:39:36','tier1'),
('90','dibbert.kelvin','6af77aa4c38d6f256d39938e8b6ffde9fe04b890','3','4','1979-12-19 15:24:32','1999-05-31 16:26:17','admin'),
('91','turcotte.beth','cc606ff4c8457b43be65ab8baac3da3dbc97f111','0','8','1991-04-09 12:47:12','2014-10-06 07:50:58','customer'),
('92','lonny09','2fca1407955de7a4afd865b9e9d03c5cdd9cc910','0','2','1978-08-22 14:42:53','2004-12-18 23:54:15','customer'),
('93','ardella.hudson','ae2802fd7a93b95f6e8f1a95968aefeb4ea818fe','2','3','2007-03-11 20:47:27','2003-01-12 12:26:38','customer'),
('94','elena55','759c3bbf510e77171f8d5b7c45bd6ba31d824d64','0','5','1991-08-12 22:04:46','2001-06-08 01:34:33','tier1'),
('95','issac93','c5b5ccb36b9f13e88c55b43d3e48faa07a0463dd','0','2','2006-03-09 04:34:55','1975-08-28 02:51:01','tier1'),
('96','umetz','fd432704775ef4456db9274718f515bf41b7bbb8','3','7','1982-03-02 22:04:57','1979-08-09 01:53:10','admin'),
('97','mose.champlin','d004e9ca1928d6df5f2c3ca572e1829d80682ee1','1','1','2004-01-29 18:37:06','2019-12-08 10:32:24','admin'),
('98','epredovic','e1ed8fa39d74a20f7d6486520b2d2afba0c3f37c','2','9','1993-12-19 07:13:03','1985-08-18 12:41:14','tier2'),
('99','tyrese.stiedemann','9a19f154f8b2d3f424a809a377a19f12869ccdd3','2','2','1994-05-12 04:54:44','1981-01-03 17:59:19','tier2'),
('100','yesenia99','36e73ecde5c2d22b91c27fc7b2b78a73a2c2d29b','0','2','1984-04-12 06:45:29','1970-02-20 02:40:58','admin'); 


/*!40101 SET SQL_MODE=@OLD_SQL_MODE */;
/*!40014 SET FOREIGN_KEY_CHECKS=@OLD_FOREIGN_KEY_CHECKS */;
/*!40014 SET UNIQUE_CHECKS=@OLD_UNIQUE_CHECKS */;
/*!40101 SET CHARACTER_SET_CLIENT=@OLD_CHARACTER_SET_CLIENT */;
/*!40101 SET CHARACTER_SET_RESULTS=@OLD_CHARACTER_SET_RESULTS */;
/*!40101 SET COLLATION_CONNECTION=@OLD_COLLATION_CONNECTION */;
/*!40111 SET SQL_NOTES=@OLD_SQL_NOTES */;








-- Generation time: Thu, 19 Mar 2020 07:55:13 +0000
-- Host: mysql.hostinger.ro
-- DB name: u574849695_22
/*!40030 SET NAMES UTF8 */;
/*!40101 SET @OLD_CHARACTER_SET_CLIENT=@@CHARACTER_SET_CLIENT */;
/*!40101 SET @OLD_CHARACTER_SET_RESULTS=@@CHARACTER_SET_RESULTS */;
/*!40101 SET @OLD_COLLATION_CONNECTION=@@COLLATION_CONNECTION */;
/*!40103 SET @OLD_TIME_ZONE=@@TIME_ZONE */;
/*!40103 SET TIME_ZONE='+00:00' */;
/*!40014 SET @OLD_UNIQUE_CHECKS=@@UNIQUE_CHECKS, UNIQUE_CHECKS=0 */;
/*!40014 SET @OLD_FOREIGN_KEY_CHECKS=@@FOREIGN_KEY_CHECKS, FOREIGN_KEY_CHECKS=0 */;
/*!40101 SET @OLD_SQL_MODE=@@SQL_MODE, SQL_MODE='NO_AUTO_VALUE_ON_ZERO' */;
/*!40111 SET @OLD_SQL_NOTES=@@SQL_NOTES, SQL_NOTES=0 */;

INSERT INTO `user_details` VALUES ('1','1','Leland','non','Dibbert','cgutkowski@example.org','489.316.3375x60','45764 Carter Glen Suite 897','Apt. 535','Rolfsontown','West','82938','2008-09-20 06:24:11','601183104302360','Reprehenderit repellat tenetur est libero.','Maiores est aperiam rerum reiciendis tenetur a.'),
('2','2','Leda','a','Hammes','unitzsche@example.org','060.460.7882','4687 Marisol Village Apt. 051','Suite 931','Robertsburgh','East','15888','2002-10-28 03:58:03','517744258644025','Eligendi sed cupiditate accusamus quod a sapiente veniam.','Itaque atque qui est fugit ut sed.'),
('3','3','Theresa','in','Trantow','langosh.izaiah@example.org','1-835-046-4511','1014 Kulas Rest','Suite 806','Roobstad','New','86272','1994-09-24 21:52:31','557221147183553','Vero qui quis odio dicta asperiores doloribus facilis.','Ut aut et nemo ut odit numquam.'),
('4','4','Destany','totam','Feest','lewis.mccullough@example.org','(943)872-4042x3','449 Ramon Ports Suite 850','Apt. 869','Andersonfurt','New','63277','1999-06-14 15:29:00','540442539278001','Saepe et totam deleniti voluptatem consequatur quia.','Id quos et nostrum unde quasi officiis.'),
('5','5','Morton','corporis','Funk','abshire.jaron@example.net','721.519.7853x25','29014 Nichole Expressway Suite 934','Apt. 175','West Melany','East','10520','1986-09-30 18:24:33','455698829356878','Amet tempora pariatur alias est aut quia.','Optio officiis natus quam et sit necessitatibus dolore.'),
('6','6','Concepcion','consequuntur','Schamberger','ryleigh.gulgowski@example.org','174.430.3761x47','942 Nikolaus Parkway Apt. 095','Apt. 088','Alectown','Lake','66498','1970-12-18 06:04:38','531537249179331','Modi perferendis soluta id ab.','Placeat repellat ut quae impedit.'),
('7','7','Leila','veritatis','Zboncak','alarkin@example.com','(983)365-9240x6','64638 McDermott Streets','Apt. 653','West Cristianfort','Lake','51375','1977-11-14 06:43:45','453225038607560','Impedit neque ea qui accusantium inventore enim inventore delectus.','Non assumenda ut est sed aut sunt sit omnis.'),
('8','8','Malcolm','doloribus','Nienow','wisoky.garth@example.com','1-642-382-4300x','71864 Kshlerin Fort','Suite 316','South Tonifort','New','55875','2006-04-02 06:53:10','547622191819204','Quidem est omnis non expedita voluptatem.','Qui repellendus enim dolores velit amet fugiat sequi.'),
('9','9','Nickolas','reprehenderit','Beahan','colton36@example.com','(699)142-8757','1289 Mavis Via','Suite 665','Hannachester','Port','1077','1984-11-08 23:05:05','533439494487213','Fuga aut vel est non hic enim sunt incidunt.','Quo explicabo autem neque laudantium quis harum in.'),
('10','10','Jaylin','occaecati','Marks','amani14@example.net','1-056-904-2066','120 Jaydon Highway Apt. 047','Suite 619','Nikolasport','South','82817','1977-07-09 16:55:24','527100224198743','Maiores cupiditate est consequatur dignissimos.','Ullam qui libero quia placeat voluptatem nisi.'),
('11','11','Felicita','blanditiis','Hudson','crooks.adam@example.org','696-061-3192x02','893 Leta Harbors','Suite 831','South Estaberg','North','99778','1973-06-05 10:24:16','4539223873629','Rerum aliquid iusto ut culpa consequatur vel.','Similique itaque omnis quidem voluptatem occaecati.'),
('12','12','Allie','vero','Roob','rosamond66@example.net','03237318069','399 Gilberto Gardens','Suite 938','Port Aurelieland','South','62666','1979-06-17 18:24:16','531706554291961','Ut facere distinctio numquam in ullam.','Voluptatem magnam ut saepe ex.'),
('13','13','Aaron','laboriosam','Bartell','wdaugherty@example.org','+21(7)908775507','941 Jason Isle Apt. 877','Suite 662','North Keatontown','East','52456','1978-02-13 16:23:02','475701436202525','Voluptas dicta quas voluptas dolorem sed qui.','Enim cum a ratione aliquid nisi quia modi.'),
('14','14','Reece','sed','Robel','windler.asia@example.com','1-793-099-9226x','3101 Waelchi Cove','Suite 552','Emoryburgh','East','80538','1970-07-06 15:45:19','542600494710274','Minima illum sapiente ea.','At corrupti beatae ea sunt.'),
('15','15','Beryl','nihil','Friesen','balistreri.electa@example.com','(306)843-6535','799 Emile Causeway Suite 357','Suite 902','South Bulahside','East','65375','1971-04-17 18:59:39','527482832919647','Magnam nisi in necessitatibus vel vel omnis.','Hic consequatur voluptas distinctio non iure reiciendis officiis.'),
('16','16','Yvonne','nihil','Hand','wbraun@example.org','(948)671-4998x4','7714 Nicholaus Lakes Suite 159','Apt. 484','Christineport','New','93530','2003-11-10 13:36:58','550978060674227','Consequuntur ea repudiandae est dolores laudantium asperiores.','Fugit similique doloremque et consequuntur iste et molestias.'),
('17','17','Meta','in','Becker','uweissnat@example.com','+79(9)548615713','5320 Felicia Turnpike','Suite 199','Andremouth','North','28353','1990-01-28 13:40:52','601106506041894','Dolorem voluptatem rem laboriosam.','Facilis facilis autem libero totam perferendis ullam.'),
('18','18','Aurore','unde','Green','xrunolfsson@example.org','(267)763-2713x4','8527 Kohler Crossroad Suite 442','Suite 405','Jaquelinburgh','Port','53511','2013-12-06 06:34:16','538238954720781','Sed quisquam ut eligendi praesentium blanditiis.','Perspiciatis quod quos blanditiis.'),
('19','19','Vivianne','asperiores','Feil','funk.allene@example.com','(539)827-8199','00642 Rohan Radial','Apt. 102','Eduardofort','Port','38375','1970-07-01 14:00:24','551693261400692','Et officiis laboriosam consectetur expedita rerum minus.','Ut qui et eligendi laboriosam illum veniam tempore.'),
('20','20','Abner','inventore','Murphy','darrick.windler@example.org','572.986.0442','6563 Dahlia Prairie Apt. 200','Apt. 138','South Delaney','West','57899','1983-03-10 23:14:07','537873754249361','Omnis molestiae deleniti sapiente.','Autem eum autem voluptatem ipsum ratione libero ab ea.'),
('21','21','Elnora','veritatis','Lesch','ucrist@example.net','(922)619-9985x7','670 Jaylon Row','Apt. 576','Leschshire','North','46315','2000-07-07 05:31:20','517278969895586','Occaecati sit atque velit est ut voluptatem quae non.','Veniam eum aut inventore quia.'),
('22','22','Alba','quia','Torp','clovis62@example.com','(969)293-3984x9','389 Tracy Ferry Suite 117','Apt. 341','Lake Gina','South','50634','1983-10-11 22:14:26','540412336674621','Commodi et dolores pariatur neque nisi reiciendis omnis dolorum.','Assumenda tempore totam ex sint consequatur animi.'),
('23','23','Geovanni','maxime','Keebler','vglover@example.net','1-301-473-7806','03625 Lucio Manor Suite 108','Suite 279','Leonardfort','West','56689','1996-04-11 09:30:15','342803322036108','Omnis sed quia quos beatae.','In est aut voluptates perferendis dicta velit.'),
('24','24','Eunice','impedit','O\'Conner','augusta.dare@example.org','08794939272','089 Mayert Street','Apt. 311','Lake Doviemouth','South','61126','1993-03-04 01:03:18','541846528340983','Voluptates suscipit nemo neque vero debitis.','Delectus laudantium sed et placeat et minima.'),
('25','25','Hassan','non','Adams','lera65@example.net','1-061-957-4284','09533 Naomie Way','Apt. 134','Armstrongchester','East','95457','1977-06-09 14:49:32','559451246711707','Et est quibusdam est deleniti laboriosam.','Quia maxime quis eaque voluptas odio.'),
('26','26','Dameon','omnis','Macejkovic','hailey.gerlach@example.com','(914)108-3117','36175 Kohler Island Apt. 640','Apt. 743','Rogahnport','North','5322','2015-04-11 22:23:07','4539878200044','Explicabo sed nostrum fugit doloribus et voluptatem.','Quidem qui a officia libero natus quis.'),
('27','27','America','debitis','Roberts','rdouglas@example.net','939-368-4715x83','243 Trantow Knolls','Apt. 693','Camrenbury','North','93949','1992-03-14 14:10:01','531588979721347','Sunt facilis voluptatem alias.','Id ut sapiente quos libero.'),
('28','28','Lorine','dolore','Gleason','auer.micheal@example.com','1-629-118-5613x','447 Hartmann Overpass','Apt. 350','East Walker','North','49601','1999-02-14 16:24:43','496514831057169','Provident et provident sed est quaerat non et.','Numquam qui qui quam sed.'),
('29','29','Alfreda','illo','Kling','herzog.deondre@example.com','982-165-6475','570 Nolan Prairie Apt. 847','Apt. 793','New Fionabury','East','72967','1988-02-01 04:02:30','4716179975212','Debitis omnis dignissimos sint dolorum.','Quia laboriosam ea possimus non harum.'),
('30','30','Cortez','unde','Larkin','aglae.kerluke@example.net','1-204-253-0522','53885 Kuhlman Prairie','Suite 037','Lake Vickie','West','87741','2001-11-01 06:03:53','342678252962201','Modi qui et voluptatibus deleniti non neque rerum.','Sint rerum fuga consectetur qui ea dignissimos est rerum.'),
('31','31','Otha','velit','Bashirian','bechtelar.alda@example.org','682.726.2749x58','27665 Grimes Spur Suite 371','Apt. 871','Greenfelderfort','North','69202','1993-09-05 02:40:24','553027879444832','Quo recusandae maiores aut vero exercitationem voluptas nostrum.','Voluptatem voluptatem tempora a.'),
('32','32','Paula','sunt','Daniel','qschulist@example.org','060.948.8391x69','56108 Zaria Stravenue Suite 664','Suite 055','Chelsealand','New','2478','1995-05-04 06:23:11','601119098001109','Asperiores quam laudantium et ipsam.','Eos at ut temporibus quos.'),
('33','33','Jackeline','tempora','Fisher','sonya.tillman@example.org','+17(8)423650519','4369 Lakin Extensions','Apt. 896','Thielhaven','North','60083','1990-09-13 08:31:07','4916441957362','Dolor nihil vel officia maiores sint natus dicta dolorum.','Fugit eos quae tempore quae numquam molestias dolor.'),
('34','34','Dorothy','doloribus','Hessel','adrienne11@example.net','409-975-2582x31','60427 Kling Glens Suite 301','Suite 754','Lake Elvie','South','4959','1998-04-16 21:47:47','4556058598931','Tempore ducimus amet aut totam esse aliquid similique.','Officia ipsa saepe tempora aperiam cupiditate est.'),
('35','35','Vernie','voluptas','Satterfield','abshire.rosario@example.net','+61(7)929028073','44352 Runolfsson Trail','Apt. 264','South Jeff','South','27631','1988-11-20 05:12:56','471695951033456','Quos eos est debitis autem autem beatae.','Omnis cupiditate molestiae eligendi architecto.'),
('36','36','Gregory','magnam','Quitzon','lilly02@example.org','04240170616','13289 Davis Court Suite 186','Apt. 592','Bertrandchester','South','72537','1994-12-03 10:11:20','527746230091386','Voluptatem molestias est voluptatem quia autem voluptates expedita.','Et voluptate non itaque sed iusto repellat.'),
('37','37','Virginie','natus','Lehner','fdach@example.org','+06(1)585495091','70795 Haley Avenue','Suite 275','New Leannamouth','North','4116','1980-01-26 08:00:31','518161559069552','Doloremque est iste facere qui ut voluptates.','Quis vitae porro in deleniti.'),
('38','38','Archibald','dolor','Sauer','slegros@example.net','571.672.0309','63523 Steuber Islands','Apt. 245','North Zanestad','South','17293','1971-08-18 17:41:40','491667309609311','Ea laboriosam impedit iure autem rerum.','Qui vitae voluptates velit est aperiam facilis.'),
('39','39','Chadd','reiciendis','Ziemann','daniela.funk@example.com','01685352659','062 Legros Shore Apt. 380','Apt. 262','Lake Carlie','South','4051','2006-11-01 00:00:24','492961484937142','Et libero distinctio mollitia voluptatem.','Maxime repudiandae veniam nam qui ut vitae.'),
('40','40','Kevon','dolor','Cruickshank','feest.alvina@example.org','909.377.2176x56','727 Brandy Crossing Apt. 361','Apt. 063','Lake Orphaville','West','42856','1980-12-23 00:12:36','601199676671919','Vel dignissimos aliquid omnis nulla error.','Rerum porro quam error ea optio magni.'),
('41','41','Nettie','recusandae','Stamm','calista40@example.org','094-526-0267x64','3988 Haag Plaza Suite 036','Apt. 127','West Americoton','South','86784','2016-01-31 04:14:46','523502189823778','Ipsum nihil id ad qui voluptate odit.','A voluptas nesciunt voluptate doloribus cupiditate.'),
('42','42','Beryl','id','Armstrong','ghyatt@example.org','+70(2)604218628','71366 Kemmer Lodge Suite 419','Apt. 235','Port Mozelle','South','55619','2006-10-19 11:26:02','4515181990049','Molestiae laboriosam laudantium perferendis tempora asperiores rerum deleniti optio.','Animi in non molestias ab ea placeat quia inventore.'),
('43','43','Wyman','quis','Kozey','maurice.renner@example.net','1-148-013-7175x','786 Steuber Track Suite 632','Suite 330','South Clarissa','Lake','89824','2011-01-09 04:33:40','453993424356045','Quam aut et unde quasi ut illum cum.','Itaque officia harum voluptates autem tempora.'),
('44','44','Finn','ut','Lowe','anahi.nienow@example.com','758-438-8614x78','029 Ephraim Wells Suite 370','Suite 426','Ezekielbury','East','40079','1988-04-02 22:16:16','4916572646946','Nemo consequatur est est autem ut est.','A doloremque et enim dolorem fugit delectus ut.'),
('45','45','Destiney','ea','Marquardt','smitham.arno@example.net','05612940112','2886 Reggie Neck','Suite 639','Lake Annabelburgh','South','83356','1978-11-17 21:36:37','344574242781808','Qui numquam qui et tempore voluptatem odio quia error.','Et culpa et illum enim quia et.'),
('46','46','Verdie','et','Wolf','piper86@example.com','688.577.6356','61848 Noe Loop Suite 251','Suite 189','New Katelynnfort','Port','64476','1980-06-12 17:03:02','453996646300906','Quos dolores et iste optio.','Debitis perferendis nihil voluptate quam quia.'),
('47','47','Levi','laudantium','Goldner','ecorwin@example.net','891-313-3357x80','8686 Denesik Village Suite 299','Suite 838','West Bell','Port','5739','2012-09-29 16:29:00','523466964014667','Voluptate praesentium quia aut et.','Aut tempora et culpa omnis.'),
('48','48','Simone','praesentium','Harvey','gauer@example.org','415-739-4293','120 Adonis Rest Apt. 196','Apt. 633','Port Cleveland','Lake','23507','2018-10-21 05:08:40','453958966719023','Qui voluptatibus voluptatem aspernatur perspiciatis.','Rerum omnis ipsum quasi qui non reprehenderit eaque.'),
('49','49','Lillie','repellat','Padberg','ybrakus@example.org','(262)132-4863x3','4220 Rohan Lake','Apt. 373','East Johnathon','North','82773','1973-04-20 20:09:30','559677499962778','Dolorem sit ullam expedita iure sapiente quas consequuntur.','Ex ducimus aperiam dolorem.'),
('50','50','Ettie','atque','Pollich','maryjane55@example.net','375-275-0014x58','2454 Cronin Row Apt. 882','Apt. 456','Spencerbury','Port','42204','2012-11-14 21:30:23','4929399633599','Totam praesentium optio dolore officia alias.','Tempora autem voluptatibus quibusdam quo est est enim.'),
('51','51','Aaron','tempora','Beatty','derick.o\'hara@example.org','+00(2)122294613','543 Runolfsson Hill Suite 935','Apt. 971','New Lane','Lake','40646','2007-04-15 04:11:02','524364409388637','Quas provident veniam ut modi qui quam eum animi.','Voluptatum quae exercitationem placeat assumenda.'),
('52','52','Lacy','nihil','Fahey','jorge.jacobson@example.org','07346467008','60364 Cassin Flats','Apt. 877','Howetown','West','20062','2017-04-19 05:01:31','4485938693533','Quam non distinctio inventore nesciunt dolor.','Voluptas voluptatem mollitia incidunt assumenda minima dolor omnis.'),
('53','53','Reva','odio','Klocko','alena.kris@example.org','821-906-1204x13','6671 Schaefer Prairie Apt. 444','Apt. 253','Waldofurt','East','43202','1993-04-20 00:55:14','539371294840986','Ipsum aspernatur esse veniam.','Dignissimos quibusdam ipsa officiis sed id.'),
('54','54','Darron','in','Purdy','pollich.rasheed@example.net','506-735-2566x38','757 Raynor Square','Suite 784','East Andreannefort','East','61215','2006-08-03 22:38:40','4485413601423','Nostrum omnis non alias natus sunt suscipit quia.','Esse dolores repellendus consequatur praesentium porro dignissimos.'),
('55','55','Jessie','qui','Deckow','tobin.kuhlman@example.com','1-418-636-5609','69986 Javonte Skyway','Apt. 057','East Bradlyton','South','25167','2007-05-25 05:45:53','517078512034981','Distinctio explicabo facilis sunt enim.','Cumque quasi dolores quam nihil.'),
('56','56','Kelly','doloribus','Herman','jaylen.wintheiser@example.org','793-011-5874','134 Darwin Loaf Apt. 245','Apt. 975','Pollichside','Port','90485','1971-08-01 20:54:15','529924177025417','Magnam earum amet voluptas consequatur.','Fuga occaecati blanditiis consequatur ipsa rerum tenetur.'),
('57','57','Meghan','assumenda','Dooley','rledner@example.org','286.064.8773','0397 Medhurst Turnpike Apt. 796','Suite 280','North Juanitaville','Lake','56084','1971-06-25 13:44:54','4916560146734','Hic et unde sit itaque.','Nam quia amet beatae aut.'),
('58','58','Rusty','ratione','Roberts','bethel.labadie@example.com','1-109-508-7945x','321 Herta Forest','Apt. 209','Port Margot','South','3195','1990-01-16 03:03:57','4539687172243','Tenetur ut voluptatem enim voluptate incidunt.','Fugit qui provident voluptates itaque incidunt rerum.'),
('59','59','Reymundo','quisquam','Haag','jesus.zemlak@example.net','(419)164-9874','76637 Grant Heights','Apt. 268','New Ashleyburgh','North','39194','1998-01-03 14:07:34','4539704760032','Odit nihil vero velit.','Et est distinctio illum omnis harum.'),
('60','60','Austen','eos','Hartmann','green.manuel@example.org','1-113-367-7009','40347 Reilly Square','Suite 387','South Nya','New','76829','2000-09-19 07:31:55','4916907026307','Hic et ut minus eaque porro.','Facere voluptatem magnam hic sunt similique a.'),
('61','61','Elisha','vel','Johnston','berneice18@example.com','01446652145','2871 Wehner Lodge Apt. 240','Suite 842','North Madie','Port','37953','2000-11-09 17:14:43','601154635211306','Quas optio minus qui nesciunt mollitia tempore.','Assumenda vel fugit exercitationem repellat mollitia quo.'),
('62','62','Coty','suscipit','Hodkiewicz','murphy42@example.org','910-094-0895','974 Kayden Turnpike','Apt. 764','Stammton','Port','47836','1983-02-26 15:52:28','4539502059949','Eaque ut repellendus necessitatibus officia dolorum hic hic.','Illo dicta et velit dolorem quidem aut.'),
('63','63','Berniece','culpa','O\'Conner','margarita30@example.com','341-244-8271','086 Yost Walk Suite 196','Suite 302','Anabellebury','West','47932','1982-12-12 10:32:47','514345977841682','Et incidunt doloribus ipsam sit adipisci.','Repudiandae minus debitis enim soluta fugiat dicta.'),
('64','64','Guy','vero','Bartoletti','khuel@example.org','+35(6)727728005','895 Lowe Canyon','Suite 732','East Jackeline','Lake','81761','2002-03-25 13:49:33','516079786932499','Corporis in qui consequatur est nesciunt libero enim.','Numquam quisquam velit qui et itaque similique.'),
('65','65','Jacinthe','non','Ernser','mcdermott.jeanie@example.com','(372)613-1574x7','7799 Larkin Green Suite 965','Suite 927','Kayliechester','Lake','91412','1998-06-12 13:42:23','492967164122954','Et doloribus non dolores commodi ut accusamus.','Inventore iste facere magni necessitatibus.'),
('66','66','Macey','esse','Gleason','joshuah01@example.com','1-488-327-0715x','91893 Will Ports Suite 030','Apt. 427','East Randichester','East','61449','2013-05-06 05:56:17','4539682486580','Laudantium suscipit expedita at aliquam tenetur animi quia.','Quisquam soluta beatae iusto qui enim.'),
('67','67','Edgar','in','Jacobs','king.ayla@example.com','140-625-9798x63','13259 Electa Cape','Apt. 691','North Ceasar','West','23488','2002-09-29 06:36:15','453207929418876','Consequatur optio hic non voluptate.','Qui id et iste in ad enim.'),
('68','68','Leanna','fugit','Langosh','clair.koss@example.com','159-332-4805','2845 Margarett Harbor','Suite 355','North Shannonmouth','South','75837','1995-03-28 14:45:37','523819940739938','Numquam saepe et sint est et assumenda.','Quis voluptatem ratione vel consequatur quos voluptates.'),
('69','69','Alexandro','fugiat','Johnson','jerry.brakus@example.net','1-441-852-4908','44970 Gloria Mills','Apt. 343','South Carterbury','South','65869','2017-03-17 11:44:38','402400716669432','Culpa consequatur ut nesciunt ullam quas earum.','Animi eius est recusandae laborum mollitia ea.'),
('70','70','Ora','explicabo','Franecki','dickens.beulah@example.com','394-962-7837x30','32816 Sauer Islands Suite 734','Suite 599','Orlandbury','Port','82693','1995-04-11 23:20:56','4929727543205','Dolor et qui reiciendis recusandae.','Laudantium nam dolor similique eius.'),
('71','71','Camron','molestiae','Doyle','buckridge.leila@example.net','(730)831-9632','95225 Wolff Estate Suite 624','Suite 371','McKenzieside','Lake','78354','1978-09-23 00:08:18','453981382501230','Iusto eum neque deserunt delectus mollitia quisquam dicta dolorem.','Consequuntur aliquid cum adipisci aut.'),
('72','72','Merle','a','Ernser','qdavis@example.net','+53(4)981090530','2134 Eleazar Lake','Suite 979','East Leonel','East','74342','1995-08-23 05:03:19','340022337913755','Commodi voluptate eos minima aliquam et optio.','Laudantium temporibus adipisci saepe alias sed inventore.'),
('73','73','Alicia','ullam','Gutkowski','bogisich.zackery@example.org','+89(3)287423478','224 Elwyn Villages','Apt. 014','South Yolandamouth','New','57983','2000-04-07 08:14:43','4368578185027','Dolorem aut eum optio tenetur dolor.','Saepe sit veniam vel incidunt.'),
('74','74','Evalyn','nostrum','Jakubowski','rafael.nicolas@example.org','(118)213-6327','44797 Barrett Dam','Apt. 069','Marjorychester','Lake','26351','1970-10-23 16:22:05','4556299241274','Officia distinctio vero rerum deleniti.','Qui nisi et pariatur sint et id repudiandae.'),
('75','75','Mikel','distinctio','Schmidt','xcollins@example.net','503.825.1073','98596 Theresa Center Suite 914','Suite 854','Lake Simone','New','91436','1995-05-11 11:43:30','453969435621186','Corporis nihil vitae impedit porro voluptas.','Molestiae corporis soluta voluptas occaecati.'),
('76','76','Aleen','necessitatibus','Beatty','xwhite@example.org','+25(4)473867196','9960 Oswald Path','Apt. 763','Lake Casimir','South','36355','1998-04-27 06:10:30','376006448173549','Nisi sapiente dolore recusandae minus ipsum facilis nihil.','Animi in ex quas in est non molestiae.'),
('77','77','Jacinthe','natus','Tromp','gayle34@example.org','01159782853','78504 Cassin Pass','Suite 108','Kingville','West','16865','1994-09-18 18:29:15','552384649428810','Et tempora officiis est et ullam doloribus iusto.','Dolores mollitia hic rerum.'),
('78','78','Estefania','nesciunt','Ratke','alec.hegmann@example.org','1-598-268-5489x','2023 Rosendo Points Apt. 165','Apt. 488','Gwenport','West','38089','1990-08-09 11:03:46','4916325996885','Non fuga temporibus praesentium dolor cumque.','Alias rerum quia accusamus culpa ullam velit temporibus.'),
('79','79','Gloria','quas','Ryan','mkuhlman@example.org','525.078.6525','144 Hagenes Landing Suite 713','Suite 314','Reynoldsberg','East','64174','2008-04-28 09:20:26','551914027571987','Rerum maxime iure reprehenderit.','Sunt beatae facilis placeat repudiandae ratione nemo.'),
('80','80','Winston','perferendis','Mueller','cleora76@example.com','(793)765-6791','2834 Nikolaus Drive Suite 639','Suite 982','Lake Carolineborough','West','92338','1970-09-23 18:09:20','402400714898761','Ut animi quasi adipisci numquam aut sit.','Eligendi quia atque laborum.'),
('81','81','Freeda','soluta','Jones','macejkovic.devante@example.org','1-809-860-1492x','07073 Deanna Trafficway Apt. 258','Suite 336','Lake Violetbury','North','6319','1996-02-01 23:11:51','450917175408585','Non temporibus sit impedit accusantium nemo similique.','Ea exercitationem architecto ratione pariatur est.'),
('82','82','Kayla','quo','McKenzie','akonopelski@example.com','1-752-863-4404x','342 Lakin Burg','Apt. 866','Queenbury','New','93547','1995-11-03 07:26:36','4485984269463','Voluptas odit est rerum iusto qui nobis blanditiis.','Ut quas sequi quidem est.'),
('83','83','Hettie','velit','Brakus','corkery.kaleb@example.com','872.511.6328','280 Rippin Neck','Apt. 797','South Nikolasport','North','75783','2008-09-26 09:17:08','4929527064080','Corrupti qui et ullam et et.','Repellendus dolor non iure accusamus quia quia.'),
('84','84','Grant','ea','Cartwright','runolfsson.justice@example.org','455-935-2748x34','0521 Bins Trafficway Suite 142','Suite 534','Waelchistad','South','49003','1984-11-14 13:43:02','601115431350504','Nemo molestiae soluta qui non.','Commodi voluptatum quos deserunt expedita praesentium.'),
('85','85','Wilton','quasi','Streich','jeremy.breitenberg@example.com','366-318-8412','9076 Edyth Pines Apt. 458','Apt. 689','Lake Unique','East','97236','2018-08-23 06:04:19','554124620472784','Ea quo autem ab.','Similique quia repellendus modi molestiae fugiat voluptate aut qui.'),
('86','86','Carmel','dolore','Schuppe','nlakin@example.org','(700)626-9195x2','308 Boyle Squares','Apt. 868','Blickberg','Port','41920','2001-10-31 07:45:36','556986233680009','In voluptatem et maxime ut.','Voluptas magnam corrupti vel.'),
('87','87','Rudy','fugit','Crist','brett.schamberger@example.net','1-653-582-0362x','808 Dicki Manor','Apt. 770','Hyattmouth','East','92444','2004-02-19 06:30:11','4539468713489','Sit ipsam minima autem voluptates quod et eaque sit.','Voluptates fuga velit et et.'),
('88','88','Laverne','odit','Jacobson','boris.barrows@example.org','1-332-773-8030x','1536 Jayce Stravenue Apt. 546','Suite 341','Watersmouth','New','90093','1987-07-30 14:29:46','453208103480951','Eos quia odio id dolorum.','Ut numquam ullam alias assumenda.'),
('89','89','Mazie','sed','Grimes','shermann@example.org','862-983-5149','026 Vandervort Landing','Suite 577','New Quinton','East','31232','1981-01-28 10:26:15','453264715685836','Veniam iste ut excepturi cum et ad.','Quo vel consectetur aut hic.'),
('90','90','Lexi','tempora','Marks','xjerde@example.net','+66(6)114622038','506 Maryam Union Apt. 640','Apt. 127','Abbottshire','Port','26163','2016-02-22 03:12:48','521256664567218','Alias modi unde magnam et.','Quaerat porro eos ducimus odit at aliquam possimus.'),
('91','91','Magnolia','corporis','Abshire','orin.hane@example.net','326-369-9480x35','744 Oren Square Apt. 983','Suite 831','Runolfsdottirhaven','Port','55709','1978-11-04 23:38:30','514873341829963','Corrupti maiores laboriosam eos reiciendis dolore.','Aut animi officiis distinctio neque totam ut.'),
('92','92','Tyler','magni','Cronin','fweissnat@example.com','1-064-861-6103','68620 Aisha Station','Suite 072','Quitzonfurt','East','45672','2004-02-09 01:29:39','601139478866263','Minus vero accusantium facere.','Magni omnis et nam quae.'),
('93','93','Earl','amet','Conroy','mozell.emmerich@example.com','1-542-366-3778','556 Shayne Prairie','Suite 977','Wilfredburgh','South','88888','1972-11-29 01:45:23','531086597938889','Accusamus et molestiae architecto quasi ea.','Fugiat qui cupiditate ea.'),
('94','94','Lauriane','ea','Crona','bernier.zoie@example.com','600.143.0180','05226 Grant Street','Suite 008','Zboncakville','South','78324','2001-09-14 23:59:50','519785849466688','Quas nihil ad ut nisi aut.','Magnam maiores sed eligendi voluptate molestiae.'),
('95','95','Zachary','reprehenderit','Armstrong','clementina.dach@example.net','+18(6)900143953','843 Stella Isle','Suite 047','South Gia','East','98054','1986-11-09 11:28:43','527068938856111','Cupiditate impedit repellendus quidem quas.','Eos molestias et amet nisi dicta.'),
('96','96','Jaeden','eaque','Mohr','bogan.mathias@example.com','1-428-451-6941x','6590 Kurt Crossroad','Apt. 159','New Marty','South','60290','1971-01-01 18:12:04','601176150814683','Odio consequatur placeat veniam sit rerum asperiores.','Fugiat odit praesentium quia eaque nobis.'),
('97','97','Alec','quam','Roberts','icie.schiller@example.net','272.739.6081x30','20257 Schroeder Square','Apt. 582','Jenkinsshire','North','55092','2000-05-01 10:17:17','4916559160546','Suscipit vitae consectetur aliquam praesentium rerum.','Deleniti eaque corporis corrupti error doloribus tempore molestiae sunt.'),
('98','98','Floy','non','Moen','gleichner.nettie@example.org','991-361-0502','07662 Mertie Locks','Suite 337','Steubershire','East','32564','1986-02-23 04:20:39','522841390076611','Et ut porro ducimus voluptas sit exercitationem deleniti odio.','Modi illum nihil perferendis.'),
('99','99','Alicia','iure','Gutmann','solon27@example.com','784-925-9838','3434 Ladarius Mall','Apt. 363','Christiansenside','Lake','52901','1994-11-16 12:25:24','402400716957913','Voluptatem ut enim ipsam aut animi.','Molestias qui itaque officia rem optio saepe quae similique.'),
('100','100','Bradley','sed','Sipes','ischneider@example.org','694-106-3750','15371 Sylvan Mount','Suite 198','Elishaburgh','West','55111','1987-11-07 11:22:25','522038769185817','Enim eligendi sit ut vel nam ipsam.','Rerum et molestiae nesciunt nisi nihil quis.'); 




/*!40101 SET SQL_MODE=@OLD_SQL_MODE */;
/*!40014 SET FOREIGN_KEY_CHECKS=@OLD_FOREIGN_KEY_CHECKS */;
/*!40014 SET UNIQUE_CHECKS=@OLD_UNIQUE_CHECKS */;
/*!40101 SET CHARACTER_SET_CLIENT=@OLD_CHARACTER_SET_CLIENT */;
/*!40101 SET CHARACTER_SET_RESULTS=@OLD_CHARACTER_SET_RESULTS */;
/*!40101 SET COLLATION_CONNECTION=@OLD_COLLATION_CONNECTION */;
/*!40111 SET SQL_NOTES=@OLD_SQL_NOTES */;







-- Generation time: Thu, 19 Mar 2020 07:58:33 +0000
-- Host: mysql.hostinger.ro
-- DB name: u574849695_22
/*!40030 SET NAMES UTF8 */;
/*!40101 SET @OLD_CHARACTER_SET_CLIENT=@@CHARACTER_SET_CLIENT */;
/*!40101 SET @OLD_CHARACTER_SET_RESULTS=@@CHARACTER_SET_RESULTS */;
/*!40101 SET @OLD_COLLATION_CONNECTION=@@COLLATION_CONNECTION */;
/*!40103 SET @OLD_TIME_ZONE=@@TIME_ZONE */;
/*!40103 SET TIME_ZONE='+00:00' */;
/*!40014 SET @OLD_UNIQUE_CHECKS=@@UNIQUE_CHECKS, UNIQUE_CHECKS=0 */;
/*!40014 SET @OLD_FOREIGN_KEY_CHECKS=@@FOREIGN_KEY_CHECKS, FOREIGN_KEY_CHECKS=0 */;
/*!40101 SET @OLD_SQL_MODE=@@SQL_MODE, SQL_MODE='NO_AUTO_VALUE_ON_ZERO' */;
/*!40111 SET @OLD_SQL_NOTES=@@SQL_NOTES, SQL_NOTES=0 */;

INSERT INTO `account` VALUES ('1','1','5512136126904698','checking','37161.34730','2005-10-11 01:18:33','1','99999.99999','1993-04-05 09:02:28','0'),
('2','2','5213598541924356','checking','3.77900','1972-01-07 12:00:19','0','99999.99999','2004-08-11 09:53:10','0'),
('3','3','5130008616067944','savings','0.00000','1983-09-06 20:35:30','0','10.00000','2002-02-09 04:00:12','0'),
('4','4','4820841046214886','checking','4970.43636','2004-06-01 22:24:16','1','99999.99999','2012-02-14 14:03:36','0'),
('5','5','4916310853462765','checking','0.00000','2010-01-27 06:06:42','1','2.00000','1997-04-12 15:19:04','0'),
('6','6','5249332801759129','checking','0.00000','2001-09-11 05:48:02','1','3.00000','2004-09-29 14:44:32','0'),
('7','7','4485082494636','credit','645.69158','1989-02-10 03:36:06','0','4.00000','1971-12-20 06:26:37','0'),
('8','8','5570834546616486','credit','49.10980','2014-12-05 02:45:00','0','99999.99999','1978-01-12 09:17:57','0'),
('9','9','5361861514944387','credit','0.00000','2002-01-05 06:37:16','1','0.00000','1974-01-10 02:37:54','0'),
('10','10','4556303578737','savings','40.93049','1982-11-10 22:24:50','1','0.00000','2008-11-28 03:15:13','0'),
('11','11','5184206828469654','credit','1.95426','1989-08-22 19:52:15','0','3427.00000','1990-07-28 10:11:35','0'),
('12','12','4716627993571982','savings','0.00000','1973-08-04 09:27:10','1','99999.99999','2019-05-08 17:26:58','0'),
('13','13','4539240909696284','credit','1318020.82890','1982-12-15 15:00:34','1','5.00000','1973-10-21 10:57:57','0'),
('14','14','6011377183791849','credit','2099886.40000','1996-03-15 15:59:54','1','2.00000','1977-04-13 10:06:01','0'),
('15','15','5393165366579793','credit','118008.60000','1990-01-16 12:22:26','0','99999.99999','1990-02-10 23:06:10','0'),
('16','16','4024007137723','savings','0.00000','1990-12-29 03:25:57','1','99999.99999','1988-12-31 01:12:36','0'),
('17','17','4024007146268','checking','4880.77570','1976-11-12 14:34:47','0','2121.00000','1987-03-18 10:08:02','0'),
('18','18','4539606249529','credit','372374.90042','2015-09-29 20:48:35','1','206.00000','2015-03-09 16:54:33','0'),
('19','19','4485435078116361','credit','1.57000','1998-04-14 09:54:14','0','0.00000','1989-01-30 07:34:29','0'),
('20','20','4485552021203','savings','3836.21050','1985-06-02 09:29:51','0','28.00000','2003-09-01 19:01:44','0'),
('21','21','6011176315689768','savings','256703563.51585','1991-01-15 08:34:34','0','5157.00000','1970-02-24 02:39:50','0'),
('22','22','4716011223065698','checking','12.87038','1996-10-16 05:21:23','1','303.00000','1978-03-24 18:57:02','0'),
('23','23','4916999339482295','credit','52.85420','2008-06-21 09:23:07','0','68.00000','1972-02-09 15:12:55','0'),
('24','24','5431714586842099','checking','262518210.16579','1984-10-27 05:05:59','1','99999.99999','1980-11-16 16:48:07','0'),
('25','25','4556685794977266','checking','3.06140','1989-12-13 15:33:41','1','99999.99999','1993-02-27 08:21:52','0'),
('26','26','345439937122309','checking','2.43985','1975-12-27 03:58:24','0','73431.00000','1971-03-09 04:50:25','0'),
('27','27','5559602929235269','credit','9.13552','2007-02-10 11:26:35','1','16160.00000','1980-05-30 22:28:16','0'),
('28','28','5358402788065642','credit','2175513.95221','1973-03-26 21:10:31','0','99999.99999','1972-02-10 14:41:46','0'),
('29','29','4532334563496','checking','0.00000','1978-03-28 10:03:27','0','99999.99999','1994-02-16 15:04:24','0'),
('30','30','5180471926716609','savings','465.00000','2008-12-26 08:55:07','1','99999.99999','2016-08-09 07:01:25','0'),
('31','31','4024007181410','savings','9427.43615','2000-09-03 04:41:34','1','99999.99999','2009-10-08 22:38:00','0'),
('32','32','5206726797367215','checking','17019.95131','1980-08-15 10:57:28','0','17118.00000','1972-09-01 13:52:54','0'),
('33','33','5101451488472332','checking','5863429.54842','1970-12-02 01:49:50','0','22.00000','2018-07-06 10:02:06','0'),
('34','34','4038876707617207','savings','60597.79846','2011-03-24 20:18:09','0','15.00000','1993-04-12 07:25:16','0'),
('35','35','5370616241959440','credit','424.55630','1977-09-21 09:52:37','1','41.00000','2016-05-17 23:55:20','0'),
('36','36','4716951162357266','checking','148415.57683','2015-12-13 13:52:17','0','223.00000','2009-02-08 13:23:26','0'),
('37','37','4532423452335973','checking','451798924.81898','1985-08-23 10:27:52','0','2418.00000','1999-06-19 10:29:23','0'),
('38','38','6011804357078419','credit','5590.00000','1985-04-05 10:27:11','0','99999.99999','2009-07-28 03:08:44','0'),
('39','39','5584016845099222','savings','955.77112','2000-10-12 11:35:02','0','41508.00000','1986-04-11 04:06:41','0'),
('40','40','5539461637439688','credit','762.74500','2004-09-05 22:58:04','1','1.00000','1991-08-14 11:28:23','0'),
('41','41','4485383757795','checking','440457719.46876','1997-12-08 21:33:05','0','1.00000','2010-09-22 06:40:04','0'),
('42','42','5534673600844645','credit','85638666.77946','2015-08-24 18:50:08','1','99999.99999','2001-02-23 16:17:24','0'),
('43','43','6011830675355320','checking','25630.00000','1977-02-08 10:42:28','0','99999.99999','1993-05-14 17:48:52','0'),
('44','44','5113794471000893','checking','6600.07298','1982-03-09 04:25:33','1','99999.99999','2010-09-18 08:55:56','0'),
('45','45','5269241792226334','credit','94.67890','2009-10-12 08:30:55','0','2.00000','2020-02-02 04:22:04','0'),
('46','46','4037541632386490','savings','4.00000','1977-09-24 11:15:15','1','398.00000','2002-10-07 14:36:15','0'),
('47','47','341487598624268','savings','3795188.00000','2012-04-16 04:44:44','1','99999.99999','1981-08-15 09:32:57','0'),
('48','48','5266832289689669','credit','357.44330','2008-06-26 04:45:15','1','362.00000','1971-06-09 09:56:13','0'),
('49','49','5282046622856396','credit','17219451.55973','1981-03-14 11:07:40','0','5.00000','2000-01-07 00:56:47','0'),
('50','50','4556501326601950','credit','3041.26900','2015-11-13 19:11:14','1','99999.99999','2006-03-13 17:58:14','0'),
('51','51','4916966930721602','checking','13251620.04160','1979-10-18 19:09:37','1','22783.00000','1995-09-26 09:29:08','0'),
('52','52','5102828556117770','credit','24.00000','1995-12-21 12:21:15','1','99999.99999','2011-07-30 22:10:36','0'),
('53','53','5292625956921644','checking','28544767.25661','1988-05-30 00:51:54','0','3166.00000','2012-08-22 06:30:59','0'),
('54','54','4532100749389258','checking','66877.20500','2009-10-21 06:35:54','0','4.00000','1995-01-27 04:24:46','0'),
('55','55','4716807078517','checking','0.00000','1986-04-11 09:11:05','0','2580.00000','1996-01-11 06:19:54','0'),
('56','56','4556275152094992','savings','0.00000','2019-03-24 09:14:38','0','736.00000','2009-11-12 01:54:57','0'),
('57','57','6011260684017570','credit','1853192.70895','2010-12-10 09:43:12','1','79.00000','1992-09-05 01:27:41','0'),
('58','58','5355855997253779','checking','3270599.95569','1996-09-04 21:30:28','1','7.00000','2016-12-15 12:13:58','0'),
('59','59','4556276930485','checking','2639.14000','1977-08-05 17:53:13','1','4375.00000','1970-05-26 03:46:02','0'),
('60','60','5495619922661243','checking','935.52276','1990-05-30 08:42:29','0','99999.99999','2006-12-25 05:13:57','0'),
('61','61','4024007155111703','checking','2.13567','2012-12-24 10:13:53','1','424.00000','2007-11-24 22:51:35','0'),
('62','62','374244331736754','savings','234434593.14168','1970-04-05 13:02:12','0','4420.00000','1978-01-18 03:38:36','0'),
('63','63','5257200933923242','credit','7221597.45327','1976-12-19 02:50:25','0','11526.00000','2017-05-22 03:25:29','0'),
('64','64','5154557111050163','checking','0.00000','1976-12-18 12:34:22','0','2168.00000','1996-05-24 00:09:22','0'),
('65','65','5159437271544882','credit','0.69517','2005-06-25 06:36:51','0','99999.99999','2011-03-26 11:08:29','0'),
('66','66','5121133584813503','savings','54331742.13086','1979-03-21 20:39:51','0','99999.99999','2009-02-24 11:52:45','0'),
('67','67','4916179391582648','credit','18980.15300','2001-12-13 18:48:54','0','99999.99999','2013-06-04 10:50:51','0'),
('68','68','5381254929006901','checking','744114.10900','1989-09-17 01:02:53','1','6612.00000','1986-07-01 05:21:53','0'),
('69','69','6011780832239464','savings','3963174.47107','2017-03-01 05:10:25','0','99999.99999','1978-07-22 11:49:01','0'),
('70','70','5443289151916489','credit','35.23600','1980-05-28 15:59:31','0','99999.99999','2011-02-21 15:10:17','0'),
('71','71','6011446381729975','savings','6097833.86000','2019-05-28 13:16:24','0','782.00000','1994-12-29 06:24:37','0'),
('72','72','5108689171946214','checking','16.00000','1979-08-21 00:08:53','0','99999.99999','1976-11-24 19:48:52','0'),
('73','73','4539219853497278','credit','0.61187','1998-05-01 13:58:30','0','99999.99999','2008-11-09 04:48:38','0'),
('74','74','5285851924218242','credit','7182501.39833','1997-07-21 09:16:07','0','99999.99999','1979-09-28 11:02:33','0'),
('75','75','5402921304554395','checking','38246.31700','2009-12-02 11:41:36','1','99999.99999','1999-07-28 15:59:36','0'),
('76','76','4929699804463','savings','2253049.70573','1992-12-31 21:24:28','1','99999.99999','1991-11-04 13:00:38','0'),
('77','77','378090507150585','checking','0.00000','1998-11-12 23:23:48','0','99999.99999','1998-05-05 17:58:33','0'),
('78','78','4916401918405963','savings','0.00000','1988-10-01 08:29:58','1','0.00000','2001-05-13 13:28:29','0'),
('79','79','4716977517839','credit','2110.84700','1985-07-10 16:48:54','1','0.00000','1983-02-03 04:10:05','0'),
('80','80','4929752774693','credit','1.44259','2008-11-08 13:52:45','1','180.00000','1991-01-12 22:07:56','0'),
('81','81','371712769875673','checking','3.31460','1987-04-29 15:50:55','0','99999.99999','1972-09-06 19:23:26','0'),
('82','82','5159509812063498','checking','431.40701','1981-07-28 05:22:31','0','67.00000','1978-04-30 07:04:04','0'),
('83','83','4929986439285108','credit','307.69034','1972-11-14 16:02:32','0','120.00000','1989-03-31 04:47:09','0'),
('84','84','5151307138509327','checking','1.00000','2013-04-01 03:06:58','1','353.00000','1999-09-19 13:49:25','0'),
('85','85','5469309407673958','credit','85965.68138','2001-02-02 07:08:57','1','94.00000','1981-12-26 06:19:25','0'),
('86','86','6011847607459126','savings','334544.36989','1991-03-29 06:40:32','0','0.00000','1992-08-06 08:13:09','0'),
('87','87','4485195648452144','checking','154289.66900','1986-10-19 18:41:10','1','15109.00000','2017-05-31 04:15:59','0'),
('88','88','5409687145761184','credit','8553295.14502','1992-09-10 23:37:09','1','99999.99999','1993-07-26 04:20:22','0'),
('89','89','5517058581274749','savings','1.77700','2015-02-24 22:12:42','1','2.00000','1979-08-28 02:06:18','0'),
('90','90','5176379170337134','checking','4.09000','1980-06-02 20:21:24','0','99999.99999','1985-09-06 21:04:08','0'),
('91','91','4024007196485','credit','352428.71023','2010-11-09 10:53:55','1','99999.99999','1999-06-08 21:42:10','0'),
('92','92','5379787336788209','credit','183.13256','1993-08-10 03:07:01','1','99999.99999','2010-05-18 11:32:10','0'),
('93','93','5573784374467056','savings','0.52880','1974-12-03 00:42:06','1','99999.99999','2004-03-08 11:22:10','0'),
('94','94','4556837164666283','savings','8251242.06148','2016-06-30 00:13:49','1','2.00000','1972-06-10 06:05:23','0'),
('95','95','5569908708220684','credit','9792.76576','1996-08-07 13:29:22','1','5041.00000','1996-10-14 17:00:31','0'),
('96','96','4532956092339','credit','557303361.03000','2006-07-30 22:32:43','0','34717.00000','2002-02-06 09:15:29','0'),
('97','97','4716893603178','savings','16611858.78000','1997-03-24 13:26:37','1','4693.00000','2014-04-30 01:15:04','0'),
('98','98','5163290669410399','credit','134.17030','1973-01-17 23:43:22','0','99999.99999','1973-04-18 20:38:11','0'),
('99','99','4929987224673872','credit','24429.31893','2000-05-10 12:07:24','0','2742.00000','2019-12-01 03:22:50','0'),
('100','100','5245421124933973','savings','102.70000','2013-01-28 02:57:53','0','99999.99999','1974-02-28 04:47:01','0'); 

/*!40101 SET SQL_MODE=@OLD_SQL_MODE */;
/*!40014 SET FOREIGN_KEY_CHECKS=@OLD_FOREIGN_KEY_CHECKS */;
/*!40014 SET UNIQUE_CHECKS=@OLD_UNIQUE_CHECKS */;
/*!40101 SET CHARACTER_SET_CLIENT=@OLD_CHARACTER_SET_CLIENT */;
/*!40101 SET CHARACTER_SET_RESULTS=@OLD_CHARACTER_SET_RESULTS */;
/*!40101 SET COLLATION_CONNECTION=@OLD_COLLATION_CONNECTION */;
/*!40111 SET SQL_NOTES=@OLD_SQL_NOTES */;








-- Generation time: Thu, 19 Mar 2020 08:01:06 +0000
-- Host: mysql.hostinger.ro
-- DB name: u574849695_22
/*!40030 SET NAMES UTF8 */;
/*!40101 SET @OLD_CHARACTER_SET_CLIENT=@@CHARACTER_SET_CLIENT */;
/*!40101 SET @OLD_CHARACTER_SET_RESULTS=@@CHARACTER_SET_RESULTS */;
/*!40101 SET @OLD_COLLATION_CONNECTION=@@COLLATION_CONNECTION */;
/*!40103 SET @OLD_TIME_ZONE=@@TIME_ZONE */;
/*!40103 SET TIME_ZONE='+00:00' */;
/*!40014 SET @OLD_UNIQUE_CHECKS=@@UNIQUE_CHECKS, UNIQUE_CHECKS=0 */;
/*!40014 SET @OLD_FOREIGN_KEY_CHECKS=@@FOREIGN_KEY_CHECKS, FOREIGN_KEY_CHECKS=0 */;
/*!40101 SET @OLD_SQL_MODE=@@SQL_MODE, SQL_MODE='NO_AUTO_VALUE_ON_ZERO' */;
/*!40111 SET @OLD_SQL_NOTES=@@SQL_NOTES, SQL_NOTES=0 */;

INSERT INTO `transaction` VALUES ('1','0','1','0.00000','1','1989-09-27 06:49:02','1984-09-14 00:17:39','341487598624268','341487598624268','credit','70','tier2','0','0','1'),
('2','1','1','89526.05889','1','1991-02-02 12:02:38','2014-08-16 07:16:13','345439937122309','345439937122309','cc','37','tier1','0','1','1'),
('3','1','1','99999.99999','1','2010-11-05 03:57:32','2011-04-11 09:11:17','371712769875673','371712769875673','transfer','83','tier1','0','1','0'),
('4','0','1','22378.27490','0','2012-06-28 10:50:18','2011-05-17 02:47:48','374244331736754','374244331736754','transfer','88','tier1','0','1','0'),
('5','0','0','99999.99999','1','1995-04-27 03:00:28','1995-10-28 20:50:52','378090507150585','378090507150585','credit','59','tier2','1','0','1'),
('6','0','0','99999.99999','0','2019-03-28 10:17:52','1991-05-03 07:50:55','4024007137723','4024007137723','cc','67','tier1','0','0','1'),
('7','1','0','33.13367','1','1972-10-19 06:45:51','2003-03-23 19:53:53','4024007146268','4024007146268','transfer','84','tier2','0','1','0'),
('8','0','1','99999.99999','1','1987-08-27 11:17:42','1980-12-12 03:14:31','4024007155111703','4024007155111703','transfer','62','tier2','1','1','0'),
('9','0','0','99999.99999','1','1989-01-09 14:37:10','1999-10-24 05:01:09','4024007181410','4024007181410','debit','68','tier1','1','1','0'),
('10','0','0','3159.42350','1','1973-01-19 21:51:43','1994-12-24 19:01:12','4024007196485','4024007196485','cc','5','tier2','1','0','1'),
('11','1','0','514.19359','1','1977-12-28 21:19:06','2016-06-07 00:35:58','4037541632386490','4037541632386490','debit','55','tier1','0','0','0'),
('12','0','1','0.26623','1','2003-05-16 22:47:12','2001-02-19 01:16:03','4038876707617207','4038876707617207','transfer','94','tier2','0','1','0'),
('13','1','0','99999.99999','0','2001-07-28 04:43:06','1975-11-22 19:26:43','4485082494636','4485082494636','debit','73','tier1','1','1','0'),
('14','0','1','99999.99999','0','1984-11-01 13:17:17','1986-10-15 09:58:52','4485195648452144','4485195648452144','cc','16','tier1','0','0','0'),
('15','1','0','41.55184','1','1977-11-24 16:54:05','1978-09-01 06:57:03','4485383757795','4485383757795','cc','67','tier2','1','0','1'),
('16','0','0','99999.99999','0','1999-04-08 00:16:26','1976-09-03 10:56:42','4485435078116361','4485435078116361','cc','81','tier2','0','0','1'),
('17','0','0','99999.99999','0','2013-06-18 19:01:18','2002-02-24 07:23:40','4485552021203','4485552021203','cc','71','tier1','0','0','1'),
('18','0','1','99999.99999','0','2008-05-17 09:04:54','1985-05-09 14:07:03','4532100749389258','4532100749389258','cc','84','tier2','0','0','1'),
('19','1','1','0.00000','1','2002-06-10 19:55:30','1975-12-13 21:22:26','4532334563496','4532334563496','cc','90','tier2','0','0','1'),
('20','1','1','6990.76100','1','1978-03-03 09:32:50','2005-12-17 10:27:35','4532423452335973','4532423452335973','credit','48','tier1','1','0','1'),
('21','0','0','0.00000','0','2007-03-28 08:32:11','2013-08-14 09:38:20','4532956092339','4532956092339','debit','28','tier1','0','1','1'),
('22','1','1','91.31700','0','1988-07-02 02:41:03','2010-07-31 00:58:34','4539219853497278','4539219853497278','transfer','81','tier1','0','1','1'),
('23','0','0','99999.99999','0','1977-01-10 05:26:35','1994-07-28 15:37:29','4539240909696284','4539240909696284','transfer','89','tier1','1','0','0'),
('24','0','0','10631.00000','0','2002-09-18 06:10:33','2007-07-21 11:55:45','4539606249529','4539606249529','transfer','9','tier1','0','1','0'),
('25','0','0','99999.99999','1','2015-08-17 18:13:41','1976-01-24 02:32:52','4556275152094992','4556275152094992','credit','81','tier1','0','0','1'),
('26','0','0','1670.62301','1','2019-11-01 17:31:04','2013-09-26 05:20:42','4556276930485','4556276930485','transfer','82','tier2','1','0','0'),
('27','1','1','99999.99999','1','2007-03-22 02:36:41','2004-01-20 13:53:57','4556303578737','4556303578737','debit','23','tier1','0','0','1'),
('28','0','1','21.61981','0','2019-06-23 13:52:04','2017-02-18 04:21:50','4556501326601950','4556501326601950','cc','62','tier1','0','1','1'),
('29','1','0','99999.99999','1','1994-04-17 08:15:11','1979-10-26 17:45:36','4556685794977266','4556685794977266','credit','62','tier1','1','1','0'),
('30','0','1','99999.99999','0','2017-01-06 07:23:01','1987-12-15 22:11:19','4556837164666283','4556837164666283','cc','94','tier1','1','1','1'),
('31','0','1','63.22041','0','2005-01-27 23:42:14','1986-07-01 20:15:07','4716011223065698','4716011223065698','transfer','83','tier2','0','1','0'),
('32','1','1','99999.99999','1','1993-11-03 21:53:41','2018-06-02 02:59:56','4716627993571982','4716627993571982','cc','75','tier2','0','1','1'),
('33','1','1','99999.99999','0','1999-03-07 19:07:21','1975-02-08 03:16:32','4716807078517','4716807078517','debit','14','tier1','1','1','0'),
('34','1','0','4.70508','1','1975-03-26 20:08:43','2004-06-17 07:39:11','4716893603178','4716893603178','credit','20','tier1','0','0','0'),
('35','0','1','0.37782','0','2009-03-23 22:24:07','2008-02-02 15:37:50','4716951162357266','4716951162357266','credit','85','tier1','0','0','1'),
('36','1','0','27592.00000','1','2018-11-28 12:45:53','1984-07-01 07:01:35','4716977517839','4716977517839','cc','55','tier2','0','1','1'),
('37','1','1','99999.99999','0','1984-02-21 12:39:06','2001-03-28 03:17:01','4820841046214886','4820841046214886','debit','40','tier1','0','1','0'),
('38','1','0','5003.57000','1','1972-08-09 15:23:48','2016-04-18 11:44:55','4916179391582648','4916179391582648','transfer','94','tier2','0','1','1'),
('39','0','0','3608.92732','1','1994-07-11 18:03:25','1983-01-06 19:42:16','4916310853462765','4916310853462765','cc','98','tier2','0','1','0'),
('40','0','0','99999.99999','1','1985-04-06 15:16:44','2015-08-05 09:34:34','4916401918405963','4916401918405963','credit','90','tier1','0','1','0'),
('41','0','1','99999.99999','1','2017-07-24 18:19:52','2012-04-17 07:47:07','4916966930721602','4916966930721602','transfer','94','tier1','0','0','0'),
('42','0','0','1009.49480','0','1991-06-20 23:00:48','1979-03-25 10:02:23','4916999339482295','4916999339482295','debit','100','tier1','1','0','0'),
('43','1','1','0.00000','1','1981-09-26 18:52:58','1982-05-05 05:22:04','4929699804463','4929699804463','credit','81','tier1','0','0','1'),
('44','1','1','2.28000','1','1991-12-12 23:23:05','2002-11-05 14:30:43','4929752774693','4929752774693','transfer','72','tier1','1','1','1'),
('45','0','1','18.14350','1','1992-01-23 04:25:50','2013-04-28 18:46:27','4929986439285108','4929986439285108','credit','14','tier2','1','1','1'),
('46','1','1','99999.99999','0','1985-03-17 18:11:32','2001-12-16 18:52:41','4929987224673872','4929987224673872','transfer','81','tier1','1','1','1'),
('47','0','1','1.00000','0','2015-01-29 04:32:24','2018-02-13 01:00:47','5101451488472332','5101451488472332','cc','72','tier1','0','1','0'),
('48','1','1','1688.04456','1','1978-08-30 02:08:54','2006-12-13 00:32:05','5102828556117770','5102828556117770','credit','20','tier1','0','1','1'),
('49','0','1','190.00000','1','1993-08-24 05:17:03','1990-05-19 22:36:42','5108689171946214','5108689171946214','cc','85','tier2','0','0','1'),
('50','1','0','0.40000','0','1991-05-13 02:34:36','1980-11-20 23:37:57','5113794471000893','5113794471000893','debit','35','tier2','1','1','0'),
('51','0','1','99999.99999','0','1992-02-22 13:15:13','2010-02-02 21:54:44','5121133584813503','5121133584813503','debit','62','tier1','1','0','1'),
('52','0','0','99999.99999','0','1973-10-16 06:17:03','2006-06-07 15:07:47','5130008616067944','5130008616067944','debit','99','tier2','1','0','1'),
('53','1','0','99999.99999','0','2013-05-01 11:41:22','1988-11-28 14:17:09','5151307138509327','5151307138509327','transfer','90','tier1','1','0','0'),
('54','0','1','99999.99999','1','1992-04-08 22:24:02','1989-03-10 18:03:16','5154557111050163','5154557111050163','debit','88','tier1','0','1','1'),
('55','0','0','0.00000','1','2001-07-23 09:34:48','1982-02-19 05:38:07','5159437271544882','5159437271544882','debit','83','tier2','0','1','1'),
('56','0','0','4388.20000','1','2010-08-01 07:14:10','1982-05-27 06:17:06','5159509812063498','5159509812063498','credit','37','tier2','0','1','1'),
('57','1','1','1.35133','1','1978-05-13 17:57:54','2014-06-14 23:52:26','5163290669410399','5163290669410399','transfer','100','tier1','0','1','0'),
('58','0','1','45006.28050','1','2008-12-20 00:25:26','2008-10-26 11:28:45','5176379170337134','5176379170337134','credit','48','tier2','1','0','1'),
('59','0','0','99999.99999','0','2008-12-05 23:07:10','2013-12-07 09:33:05','5180471926716609','5180471926716609','credit','27','tier2','1','0','0'),
('60','1','1','99999.99999','0','2006-07-05 08:49:04','2005-08-31 15:32:04','5184206828469654','5184206828469654','cc','19','tier2','1','1','1'),
('61','1','1','99999.99999','0','1983-11-02 14:07:39','1995-02-01 20:37:23','5206726797367215','5206726797367215','debit','28','tier1','0','0','0'),
('62','0','1','0.00000','0','1979-02-28 08:40:28','2009-05-11 18:20:13','5213598541924356','5213598541924356','credit','73','tier2','0','1','0'),
('63','1','0','99999.99999','0','1997-01-27 17:12:26','1975-09-20 18:35:06','5245421124933973','5245421124933973','credit','56','tier2','1','0','1'),
('64','0','1','99999.99999','1','1978-05-01 02:17:58','1994-02-02 04:16:57','5249332801759129','5249332801759129','cc','39','tier1','0','1','0'),
('65','0','1','0.00000','0','2000-06-20 18:27:53','2010-01-23 16:07:38','5257200933923242','5257200933923242','transfer','76','tier1','1','1','1'),
('66','1','0','99999.99999','0','1974-04-24 00:42:56','2003-01-04 01:01:40','5266832289689669','5266832289689669','cc','99','tier1','0','0','0'),
('67','0','1','7401.27888','0','2011-10-26 00:43:33','2016-06-17 16:35:25','5269241792226334','5269241792226334','credit','85','tier1','1','1','1'),
('68','0','1','428.36100','1','2018-05-23 18:36:25','1991-10-20 17:41:51','5282046622856396','5282046622856396','debit','83','tier1','0','0','1'),
('69','0','0','99999.99999','1','1997-08-31 11:35:24','1975-02-14 10:12:07','5285851924218242','5285851924218242','debit','71','tier1','1','0','1'),
('70','1','1','99999.99999','1','1995-09-20 07:03:43','2016-04-29 20:43:51','5292625956921644','5292625956921644','credit','40','tier1','0','1','0'),
('71','1','1','39.00000','0','2005-08-30 21:02:21','1982-06-10 23:15:34','5355855997253779','5355855997253779','credit','14','tier1','0','1','0'),
('72','1','1','2440.37352','1','2010-10-07 17:27:44','2004-02-08 22:11:43','5358402788065642','5358402788065642','transfer','54','tier2','0','0','1'),
('73','1','1','45.24745','1','2002-10-04 18:37:42','2015-04-09 16:58:52','5361861514944387','5361861514944387','credit','66','tier2','0','1','0'),
('74','0','0','99999.99999','0','2009-11-25 07:32:14','2002-04-03 06:02:03','5370616241959440','5370616241959440','debit','75','tier1','1','1','1'),
('75','0','0','45944.17000','1','2011-05-13 02:46:14','2013-11-12 17:22:56','5379787336788209','5379787336788209','credit','64','tier1','0','0','0'),
('76','1','1','99999.99999','0','1983-03-16 02:29:07','1995-09-08 22:54:09','5381254929006901','5381254929006901','cc','43','tier1','0','0','0'),
('77','0','1','1264.74133','0','2002-04-27 23:33:25','1988-08-25 04:19:50','5393165366579793','5393165366579793','cc','59','tier2','0','0','0'),
('78','0','1','248.80000','1','1973-01-10 02:42:22','2008-02-11 00:02:31','5402921304554395','5402921304554395','debit','43','tier2','1','0','0'),
('79','1','1','24.96000','1','1978-08-06 02:25:59','2014-07-30 12:13:43','5409687145761184','5409687145761184','debit','34','tier1','1','0','0'),
('80','1','0','72.16100','0','2019-06-10 22:17:16','1999-10-09 21:08:23','5431714586842099','5431714586842099','transfer','6','tier1','1','1','0'),
('81','1','0','99999.99999','1','1985-04-25 20:12:57','1975-02-18 08:16:11','5443289151916489','5443289151916489','cc','73','tier2','0','0','1'),
('82','1','1','49452.00000','1','1974-11-13 19:09:48','1988-10-30 01:38:45','5469309407673958','5469309407673958','cc','98','tier1','1','1','1'),
('83','0','0','99999.99999','0','1996-11-02 10:34:10','1999-03-17 04:45:19','5495619922661243','5495619922661243','cc','40','tier1','1','1','1'),
('84','1','0','99999.99999','1','1985-02-03 09:54:53','1984-12-04 21:35:31','5512136126904698','5512136126904698','credit','7','tier1','1','0','1'),
('85','1','0','99999.99999','0','1984-01-21 11:04:05','1997-04-10 14:33:21','5517058581274749','5517058581274749','cc','7','tier1','0','0','1'),
('86','1','0','135.61900','1','1980-05-30 07:35:51','2002-09-27 18:16:59','5534673600844645','5534673600844645','transfer','58','tier1','1','0','0'),
('87','1','1','99999.99999','0','2015-11-27 15:52:56','1997-02-15 01:51:06','5539461637439688','5539461637439688','transfer','82','tier1','0','0','0'),
('88','0','1','0.00000','1','1994-07-01 17:32:10','1997-11-30 17:14:33','5559602929235269','5559602929235269','cc','19','tier1','0','1','0'),
('89','1','1','0.00000','0','1972-07-19 17:36:00','1990-10-24 23:32:18','5569908708220684','5569908708220684','credit','5','tier2','1','0','0'),
('90','1','1','168.70004','1','1988-07-25 17:59:50','2008-07-11 16:03:11','5570834546616486','5570834546616486','debit','16','tier2','0','1','0'),
('91','0','0','57.35515','1','2004-11-19 19:30:56','1990-10-23 17:52:11','5573784374467056','5573784374467056','transfer','16','tier2','0','1','1'),
('92','1','0','4222.44635','1','1999-07-28 13:37:16','1997-04-14 18:17:02','5584016845099222','5584016845099222','debit','16','tier2','1','0','0'),
('93','0','1','673.40726','0','1970-05-07 10:10:29','1976-11-07 19:24:22','6011176315689768','6011176315689768','credit','36','tier1','0','0','1'),
('94','1','1','157.01000','1','2004-08-28 14:58:20','2001-05-26 21:53:52','6011260684017570','6011260684017570','debit','85','tier1','1','1','0'),
('95','0','1','0.00000','0','2019-10-05 10:55:56','2017-02-09 19:40:00','6011377183791849','6011377183791849','debit','75','tier1','0','1','0'),
('96','0','1','99999.99999','0','1987-08-02 07:13:14','1986-07-26 20:14:17','6011446381729975','6011446381729975','cc','19','tier1','0','0','0'),
('97','0','1','34.93954','0','2019-04-22 01:08:50','2020-02-28 11:42:28','6011780832239464','6011780832239464','cc','3','tier2','0','0','0'),
('98','1','0','1.80112','0','1971-08-17 00:51:19','1997-09-20 04:39:02','6011804357078419','6011804357078419','credit','36','tier1','1','0','0'),
('99','0','0','99999.99999','0','1992-01-11 18:10:23','1993-04-13 02:26:14','6011830675355320','6011830675355320','transfer','45','tier2','0','0','1'),
('100','0','1','178.18578','1','1976-05-26 09:33:26','1992-06-05 17:58:59','6011847607459126','6011847607459126','transfer','67','tier1','1','0','1'); 




/*!40101 SET SQL_MODE=@OLD_SQL_MODE */;
/*!40014 SET FOREIGN_KEY_CHECKS=@OLD_FOREIGN_KEY_CHECKS */;
/*!40014 SET UNIQUE_CHECKS=@OLD_UNIQUE_CHECKS */;
/*!40101 SET CHARACTER_SET_CLIENT=@OLD_CHARACTER_SET_CLIENT */;
/*!40101 SET CHARACTER_SET_RESULTS=@OLD_CHARACTER_SET_RESULTS */;
/*!40101 SET COLLATION_CONNECTION=@OLD_COLLATION_CONNECTION */;
/*!40111 SET SQL_NOTES=@OLD_SQL_NOTES */;



INSERT INTO `login_history` VALUES ('201','amy79','188.250.121.150','1985-02-14 22:24:02'),
('202','ardella.hudson','206.234.10.155','2007-07-29 19:19:54'),
('203','astrid25','65.70.218.98','2012-10-22 04:02:20'),
('204','becker.westley','226.6.202.255','1995-07-22 15:08:21'),
('205','benny88','45.145.135.150','1991-07-16 20:17:32'),
('206','bernardo.howell','87.39.69.81','2009-07-22 08:38:09'),
('207','bkub','89.99.223.171','1984-08-09 08:35:29'),
('208','chalvorson','153.41.197.50','1978-10-12 11:08:54'),
('209','cole.meaghan','249.210.211.207','1973-04-06 07:44:35'),
('210','cremin.laury','133.48.91.193','1986-04-23 14:06:36'),
('211','davis.lorenz','215.198.155.44','1993-04-23 21:48:49'),
('212','dbrakus','124.101.160.53','1982-12-15 10:42:36'),
('213','deckow.gennaro','44.163.202.200','1994-05-24 07:26:13'),
('214','dibbert.kelvin','141.80.153.71','1986-11-26 22:45:31'),
('215','dkassulke','127.32.204.241','1977-10-18 21:51:14'),
('216','dmaggio','24.235.167.212','2011-11-14 11:27:08'),
('217','donnell.dietrich','237.188.181.48','1978-08-06 03:50:19'),
('218','dorothea34','103.224.73.213','1975-06-18 23:59:57'),
('219','drew40','167.17.31.109','1986-04-09 19:14:20'),
('220','effertz.valerie','107.255.193.67','2003-08-27 22:26:45'),
('221','elena55','184.32.56.92','1981-09-17 05:43:55'),
('222','elnora60','67.48.134.0','1977-04-29 01:13:50'),
('223','else.paucek','109.28.192.230','2000-03-26 17:58:28'),
('224','epredovic','214.126.56.12','1975-07-25 17:30:01'),
('225','esteban10','220.204.242.222','2015-07-29 17:55:58'),
('226','fern16','36.47.90.80','1970-10-23 12:33:38'),
('227','florida.olson','132.157.226.232','2011-05-31 19:09:23'),
('228','francisca.robel','170.113.250.160','2012-07-21 04:24:19'),
('229','friesen.jevon','184.185.246.109','1982-07-30 11:01:34'),
('230','gerard.torp','70.113.81.103','1974-03-11 05:55:10'),
('231','gkonopelski','36.125.115.171','1974-09-10 14:07:23'),
('232','grimes.sister','67.251.125.2','1988-12-05 16:07:55'),
('233','hand.savanah','104.39.142.97','1983-02-28 22:00:55'),
('234','herzog.sophia','148.175.166.238','1996-06-13 22:53:31'),
('235','hiram.fahey','113.5.223.200','2008-09-29 02:15:23'),
('236','hirthe.adele','179.192.84.215','1985-08-04 05:14:47'),
('237','holson','138.187.244.153','2008-02-14 15:11:53'),
('238','hrutherford','108.205.161.177','2001-02-24 12:47:30'),
('239','ibeahan','84.57.237.8','1980-06-08 18:08:10'),
('240','issac93','205.21.132.222','2001-01-22 05:42:25'),
('241','jchristiansen','68.35.122.144','2009-10-01 02:50:51'),
('242','jonas.mcclure','105.183.26.107','2015-06-21 02:29:54'),
('243','jordane13','128.173.242.20','1999-11-02 07:38:53'),
('244','juwan23','216.80.255.117','2015-09-14 09:16:35'),
('245','kailey.gibson','102.81.172.78','2012-09-04 08:30:49'),
('246','karelle.fritsch','179.247.35.62','1992-12-22 15:22:30'),
('247','katheryn.runte','103.93.132.18','2017-08-18 17:34:08'),
('248','kdickinson','177.3.9.95','2002-02-03 09:38:14'),
('249','king.vito','180.125.175.243','2012-09-26 18:18:49'),
('250','lera.runolfsdottir','99.125.24.150','1984-01-03 10:47:45'),
('251','lesch.wava','45.26.170.22','1973-08-16 05:29:30'),
('252','lesly.zulauf','171.100.235.34','1971-12-22 18:00:39'),
('253','lolson','211.200.253.187','1972-05-31 09:06:25'),
('254','lonnie34','241.229.166.153','1997-08-22 19:24:49'),
('255','lonny09','120.145.47.139','1993-06-26 08:40:57'),
('256','madyson47','9.70.35.186','1979-10-01 06:10:44'),
('257','margret09','0.44.220.9','2016-10-26 04:05:28'),
('258','mateo03','8.114.110.191','2009-11-22 22:40:10'),
('259','mbogan','158.65.41.82','1975-02-03 02:36:16'),
('260','megane.jacobs','67.43.11.137','2013-12-24 13:56:52'),
('261','mose.champlin','13.168.231.56','2019-01-30 08:34:44'),
('262','mreynolds','209.74.141.127','2011-03-18 20:26:42'),
('263','murazik.dominique','219.250.60.110','1983-06-27 14:17:32'),
('264','murray.jennings','123.196.67.187','2018-07-12 16:44:48'),
('265','murray.rosa','163.150.65.231','1992-03-24 00:29:39'),
('266','nhalvorson','11.251.32.225','2000-01-19 17:45:31'),
('267','omraz','153.94.107.148','1972-06-15 10:03:32'),
('268','osatterfield','164.113.185.1','2011-04-03 03:43:54'),
('269','pmarvin','255.224.10.243','2004-03-20 23:44:12'),
('270','rjakubowski','186.159.249.25','2012-09-14 21:56:46'),
('271','rleuschke','189.95.242.58','1979-10-10 09:17:03'),
('272','robb73','15.250.71.178','1985-01-21 01:19:54'),
('273','roma43','48.230.233.7','1994-08-26 20:21:37'),
('274','rowan89','104.122.42.114','1972-08-25 06:54:50'),
('275','schuster.jalyn','52.88.162.92','1980-02-20 17:22:40'),
('276','shanny.moore','255.18.140.57','2010-04-18 01:39:42'),
('277','sincere.little','158.33.121.35','2003-12-12 12:03:18'),
('278','sjenkins','57.9.201.141','2004-08-05 06:06:21'),
('279','steuber.hassie','220.178.153.41','2014-08-10 04:30:12'),
('280','tillman.matilde','49.140.107.30','1996-06-02 09:33:32'),
('281','tlittle','237.96.232.19','1989-03-07 15:26:45'),
('282','torp.durward','168.26.178.108','2018-12-29 04:31:45'),
('283','turcotte.beth','180.228.249.208','1981-12-30 02:14:03'),
('284','tyra29','190.95.55.38','1997-01-06 05:27:33'),
('285','tyrese.stiedemann','167.251.184.158','2011-10-08 01:28:25'),
('286','ubergstrom','134.237.168.24','1998-11-27 16:30:13'),
('287','uboyle','152.250.231.67','2004-06-04 15:02:18'),
('288','uheathcote','242.80.21.109','1976-11-09 06:02:17'),
('289','umetz','133.187.58.228','1979-07-04 07:46:25'),
('290','uroob','166.64.174.91','1998-02-20 15:33:34'),
('291','uupton','102.252.160.180','1984-12-05 21:17:46'),
('292','vkub','71.114.222.220','2011-03-26 01:03:23'),
('293','walsh.arlene','233.234.86.56','2004-03-12 03:23:14'),
('294','weissnat.evan','252.127.114.141','2003-08-24 18:04:34'),
('295','wilma.kling','221.35.237.172','1974-09-06 07:19:08'),
('296','wlangworth','206.28.77.117','2007-03-05 09:30:47'),
('297','yazmin53','120.166.177.2','1984-03-20 16:05:57'),
('298','yesenia99','247.241.207.238','1988-07-05 02:41:17'),
('299','yundt.leanne','48.251.31.151','1972-03-27 02:29:28'),
('300','zieme.mac','219.84.96.220','1980-01-15 21:19:26'); 




/*!40101 SET SQL_MODE=@OLD_SQL_MODE */;
/*!40014 SET FOREIGN_KEY_CHECKS=@OLD_FOREIGN_KEY_CHECKS */;
/*!40014 SET UNIQUE_CHECKS=@OLD_UNIQUE_CHECKS */;
/*!40101 SET CHARACTER_SET_CLIENT=@OLD_CHARACTER_SET_CLIENT */;
/*!40101 SET CHARACTER_SET_RESULTS=@OLD_CHARACTER_SET_RESULTS */;
/*!40101 SET COLLATION_CONNECTION=@OLD_COLLATION_CONNECTION */;
/*!40111 SET SQL_NOTES=@OLD_SQL_NOTES */;



-- Generation time: Thu, 19 Mar 2020 08:03:03 +0000
-- Host: mysql.hostinger.ro
-- DB name: u574849695_22
/*!40030 SET NAMES UTF8 */;
/*!40101 SET @OLD_CHARACTER_SET_CLIENT=@@CHARACTER_SET_CLIENT */;
/*!40101 SET @OLD_CHARACTER_SET_RESULTS=@@CHARACTER_SET_RESULTS */;
/*!40101 SET @OLD_COLLATION_CONNECTION=@@COLLATION_CONNECTION */;
/*!40103 SET @OLD_TIME_ZONE=@@TIME_ZONE */;
/*!40103 SET TIME_ZONE='+00:00' */;
/*!40014 SET @OLD_UNIQUE_CHECKS=@@UNIQUE_CHECKS, UNIQUE_CHECKS=0 */;
/*!40014 SET @OLD_FOREIGN_KEY_CHECKS=@@FOREIGN_KEY_CHECKS, FOREIGN_KEY_CHECKS=0 */;
/*!40101 SET @OLD_SQL_MODE=@@SQL_MODE, SQL_MODE='NO_AUTO_VALUE_ON_ZERO' */;
/*!40111 SET @OLD_SQL_NOTES=@@SQL_NOTES, SQL_NOTES=0 */;

INSERT INTO `appointment` VALUES ('1','2','71','2017-09-11 00:39:56','Expedita quia saepe rerum qui adipisci. Rem repellendus voluptatem nihil ab sapiente voluptates. Illum ex reprehenderit enim praesentium. Consequuntur dolor omnis consequatur iure consequatur fugiat. Facere officiis ipsa voluptatibus aut doloribus et.'),
('2','18','72','1998-10-16 13:53:52','Deleniti qui explicabo perspiciatis id doloremque quam commodi. Laudantium molestias rerum explicabo minima ut sunt doloremque. Consequuntur tempora quo expedita voluptas.'),
('3','12','13','2005-09-14 03:14:28','Nobis illum quis ipsa. Cumque odio possimus sunt iste aut. Deserunt culpa praesentium quia totam non aut consequatur.'),
('4','91','53','1986-08-05 13:11:10','Ullam eum consequatur culpa odit officia. Itaque beatae non odit iure eos. Dignissimos explicabo doloribus quia sit minima accusantium sit.'),
('5','22','48','2013-09-04 02:02:29','Quia odio deleniti aliquam unde molestiae eos reiciendis. Libero in modi exercitationem repellat quia. Molestias minus dolor voluptatem vero rerum eaque exercitationem. Libero omnis laborum voluptas facere incidunt qui. Veritatis voluptas quod sit accusan'),
('6','46','68','1991-12-30 06:03:23','Sit odio voluptas magnam aut qui cupiditate repellendus. Adipisci laudantium doloremque est nesciunt ut. Modi fuga recusandae velit non accusantium. Molestiae inventore inventore incidunt.'),
('7','46','44','1981-01-22 22:12:48','Occaecati itaque voluptas placeat. Cumque accusamus fuga autem consequatur sunt vitae omnis. Aut harum illum rem et vel.'),
('8','77','23','1988-04-11 09:57:08','Ipsa sed incidunt id dolores et. Distinctio ipsum eligendi debitis aspernatur. Unde vel corporis eveniet.'),
('9','60','39','1998-03-08 10:54:31','Cumque nesciunt aut nihil. Voluptas sit sit nemo neque repellat voluptas officia qui.'),
('10','18','96','2019-10-26 12:41:55','Ipsa qui omnis et incidunt dicta et. Accusamus quod molestiae vitae consequuntur. Aut adipisci et vel sunt omnis voluptas. Voluptas accusantium est soluta animi minus omnis.'),
('11','92','81','2016-03-03 06:26:58','Cupiditate quam non eaque et dolorem. Quibusdam optio dolor praesentium amet. Libero consectetur neque eveniet quisquam sed dicta.'),
('12','77','48','2017-11-23 14:24:46','Minus et nemo dolorem laboriosam quae. Nam magnam ut veritatis sint. Ut enim accusamus porro quisquam.'),
('13','29','81','1997-08-29 17:11:05','Recusandae accusamus suscipit dolorem consequuntur. Nihil incidunt aut voluptatum omnis nostrum. Animi consequatur ipsam deserunt placeat. Voluptas aut qui aliquam accusamus.'),
('14','86','98','1998-10-12 04:04:23','Ullam et ut esse et. Excepturi quam quisquam quidem id temporibus. Voluptatem laudantium rem tenetur non dolores labore.'),
('15','18','16','1988-08-03 04:23:17','Suscipit nesciunt qui voluptatem non pariatur. Ad ut ut accusantium ut. Repellendus magni facere optio ex sapiente.'),
('16','74','71','2019-01-14 15:00:10','Deserunt autem minima eveniet quia non sequi. Ipsa consectetur alias vitae. Laudantium illo ut qui molestiae eligendi ut sed aut. Minima qui repellat ut nobis.'),
('17','57','37','1986-03-12 19:37:15','Sit rerum iusto vitae nesciunt. Ut dolorum dicta impedit voluptate qui tempore.'),
('18','63','61','1970-07-25 17:05:55','Fuga et sed dicta temporibus. Deserunt ut sit repellendus sed. Ea qui nam et aut voluptatem voluptatem. Aut corrupti non voluptates harum quos quia vel aperiam.'),
('19','46','4','2005-03-12 02:39:15','Est et consectetur id illo ut dolor ex. Et alias impedit qui sed ratione facilis. Occaecati officia iure culpa. Necessitatibus et nobis aspernatur vel debitis.'),
('20','80','98','1973-05-05 11:01:22','Ratione quibusdam beatae quia voluptatem molestias voluptatem mollitia. Maxime et et veniam. Nisi rerum velit magnam qui quod et quisquam. In asperiores autem animi.'),
('21','41','50','1979-12-24 08:49:56','Rerum ducimus consectetur est maxime. Earum ipsam qui labore sit odio enim rerum. Officia et est et.'),
('22','30','90','1984-12-22 16:00:05','Perferendis aut enim qui repellat consequatur. Odio nihil repudiandae id nemo maiores ab quaerat. Architecto alias doloribus est amet quia libero sit. Voluptas sequi quidem hic voluptatem doloribus.'),
('23','1','37','2009-08-04 11:54:58','Ut libero voluptatum repellendus molestias fugit qui. Sit eos qui est ut amet. Recusandae molestiae recusandae minima hic quia culpa dolores.'),
('24','1','84','1981-09-24 07:37:24','Nihil odit dolorem natus ut sunt. Deserunt non fugiat laboriosam tempore ipsam.'),
('25','69','67','1973-06-07 05:38:45','Magnam nemo eos modi eveniet fugit beatae. Temporibus accusamus voluptates illo sit vero similique. Earum sunt sit repudiandae exercitationem eos tenetur.'),
('26','63','19','2012-11-02 04:37:58','Et ex vel vero rerum corrupti iusto commodi. Accusamus asperiores illum eos recusandae voluptatibus. A velit accusantium alias odit earum sed dolore consequatur.'),
('27','12','36','1971-09-09 13:14:00','Laboriosam dolores sequi enim vitae. Tempora asperiores sit et optio ut neque aspernatur.'),
('28','49','36','2016-05-18 05:57:16','Minima sunt velit maiores qui. Tenetur voluptas deserunt non autem voluptatem.'),
('29','38','45','1978-09-11 07:27:34','Facilis repudiandae ut quia consequatur quod. Commodi magni eos pariatur officia. Quia ipsum nulla officia tempore qui. Est cum et quas repellat explicabo est totam.'),
('30','41','84','1988-07-21 08:19:47','Eius consectetur non saepe excepturi est aperiam tenetur. Exercitationem quae non officia consequatur id. Delectus aut excepturi sit occaecati non.'),
('31','92','53','2003-06-28 23:05:35','Deleniti ipsam voluptas aut et sint consequatur qui. Unde autem laborum mollitia ducimus excepturi est. Dolores ducimus quia ea.'),
('32','79','96','1998-05-17 00:55:07','Ipsum eum sit cum. Qui accusamus similique non et est enim autem qui. In nihil voluptatem modi aut sapiente ea voluptas assumenda.'),
('33','46','64','2003-10-14 23:25:42','Error sit eligendi et ipsum atque id. Provident quos vitae saepe illo est. In molestiae nemo sit qui et. Quia aut nisi commodi iste exercitationem id necessitatibus est. Accusamus id ut ipsum non.'),
('34','21','5','2005-03-20 22:46:30','Laboriosam quo et sunt officia accusamus quia qui. Illum laborum voluptatibus molestias in error eum est. Mollitia nulla eum consequatur pariatur. Ducimus animi ipsum molestias aut sunt illum quis.'),
('35','42','48','1974-12-23 14:14:43','Quia dolores possimus facilis minima sunt fuga quisquam. Itaque deleniti perferendis eius qui. Cumque ut officiis voluptas commodi laboriosam.'),
('36','79','73','1992-10-11 05:17:49','Aut aut corporis consequatur excepturi a laudantium. At sint ex sed. Earum nisi eos sint qui aperiam nisi.'),
('37','2','97','2011-02-19 21:09:55','Est perferendis voluptate deleniti ut et. Et ut et officia. Earum occaecati corporis et aut voluptas ratione dolorem. Eveniet voluptate consequatur excepturi molestiae consequatur non corrupti voluptas.'),
('38','74','26','2010-10-22 20:54:04','Veritatis suscipit voluptatem sed nisi. Corporis corrupti omnis molestias rerum quos. Placeat aut harum magnam quo alias. Fugit iure aliquam consequuntur sit fugit tenetur.'),
('39','33','43','1996-08-03 06:42:41','Nesciunt voluptatem cumque nostrum aut aut est. Eius qui voluptas exercitationem est molestiae eum. Error qui qui dolor eum.'),
('40','74','51','1970-04-24 16:32:43','At soluta molestias eveniet dolor ducimus beatae. Veritatis voluptas commodi facilis quis autem asperiores deleniti.'),
('41','93','68','1978-10-19 22:21:48','Voluptatibus inventore voluptate eaque non et vel autem odio. Est aut veniam reiciendis assumenda ut facere. Saepe et rerum ratione qui voluptatem facilis. Maiores iste deserunt nihil. Architecto molestiae quis totam omnis dolorum quia.'),
('42','31','70','1999-11-21 07:00:15','Corporis distinctio ut harum fugiat distinctio optio. Cumque illo est ullam ipsa voluptate. Laudantium soluta molestias magnam magni.'),
('43','10','83','1989-06-25 12:17:17','Praesentium nam sequi reiciendis ipsum occaecati voluptas. Qui sit sapiente quos. Repudiandae necessitatibus accusantium exercitationem dolor qui officiis hic. Quidem ut aut voluptatem consequatur. Sed porro sequi quia autem ad.'),
('44','31','59','1980-06-20 14:28:56','Ipsa aperiam labore qui. Facere qui iste nihil. Nemo aut et modi incidunt sunt molestiae.'),
('45','22','94','1975-10-06 11:58:43','Rerum similique quod inventore distinctio nam. Iste optio et sunt voluptas. Asperiores ea ut dolores id vero voluptas explicabo. Atque sit quas sapiente iusto numquam consectetur.'),
('46','30','5','1974-09-27 11:41:11','Quo et quis voluptatem porro atque nobis placeat. Et non aut harum sit et voluptate facere. Ex neque debitis totam sed qui vero tenetur quo. Dolor est itaque voluptates tenetur.'),
('47','77','82','2006-12-17 03:02:07','Non aut enim dolor non non. Optio modi natus inventore velit fuga. Dignissimos dolores eos saepe et sit. Deserunt est in esse enim dolorem error suscipit.'),
('48','91','35','1984-02-16 12:50:07','Nam soluta blanditiis nemo facilis provident sunt quaerat possimus. Voluptatem inventore in deleniti a nam doloremque voluptates. Temporibus velit soluta consequatur quas voluptatem. Assumenda voluptate aut odio atque ut distinctio.'),
('49','60','81','1978-01-11 07:55:23','Veniam est facilis libero eum voluptatem et. Incidunt unde delectus et cupiditate velit consequatur. Animi est distinctio velit rerum temporibus.'),
('50','49','90','2019-12-19 10:08:29','Sed nisi sunt non ea quia. Qui possimus ducimus ipsa error illo quia. Autem tempore sunt molestiae ut minus.'),
('51','80','45','1973-01-01 19:58:22','Ipsam quod et et doloribus nisi aut. Distinctio et sed ullam qui velit. Laboriosam ex consequatur numquam veniam hic est laudantium omnis. Voluptatem atque non perferendis dolore dolorem id. Incidunt dolores odio minus dolorem alias exercitationem totam.'),
('52','1','83','1986-06-02 04:54:49','Eaque eius ea et incidunt necessitatibus. Magni quia dolor libero impedit voluptates. Quia et asperiores accusamus praesentium. Nobis ea enim porro et beatae harum.'),
('53','79','64','1993-03-24 23:13:45','Placeat optio asperiores vel eum corrupti. Qui qui et voluptatem exercitationem ipsum recusandae.'),
('54','77','62','2016-06-19 08:49:37','Quae labore hic aperiam assumenda consequatur. Amet quis sed est nihil sunt. Voluptas velit iure architecto eos.'),
('55','79','5','2015-08-23 00:43:52','Nemo voluptatem id incidunt vitae esse. Voluptatem expedita alias et illum. Ratione beatae ipsa soluta architecto ipsam saepe dolores.'),
('56','77','6','2004-02-01 16:15:54','Illo sed consequuntur omnis eos est tempore eos. Neque omnis autem blanditiis quia enim. Velit consequatur est aperiam nemo consequatur. Occaecati qui magni quis voluptas et assumenda hic.'),
('57','11','13','1979-01-08 16:26:22','Eum non perspiciatis labore ut nihil similique accusamus. Quam dolorem aspernatur fugit amet. Magnam dolores exercitationem ipsam dolore itaque repudiandae.'),
('58','79','52','1993-06-04 20:16:59','Fugiat in similique suscipit ad facilis eos. Ea debitis cum sed perferendis nobis iusto consequatur possimus. Modi nobis ipsam dolorem odio. Aliquid deleniti doloremque autem sit enim eos voluptatem.'),
('59','92','34','1972-12-20 21:15:26','Voluptatem voluptatem tempore et ullam quae delectus. Totam quis eius quae. Quia et cum fugiat nihil nesciunt et corporis. Et incidunt aliquam minima aliquid nesciunt eos. Ad vero quisquam et velit consequatur a ipsa.'),
('60','8','14','1976-02-25 21:36:53','Magnam commodi quo et nam non dignissimos aut aperiam. Similique occaecati quae doloremque qui vel et et voluptatem. Necessitatibus dicta veniam impedit aut non corporis provident laboriosam. Voluptatem in reprehenderit animi quod repellendus inventore.'),
('61','77','28','1982-04-05 21:42:09','Molestiae magni voluptatem placeat ea. Maxime aut cum vero minus. Id ea vitae tenetur eveniet quis.'),
('62','77','67','2019-06-09 04:26:43','Ad voluptatem enim et eveniet. Ut quod accusamus sequi eos ad sunt fuga impedit. Odio tempore autem ut quos. Enim placeat eligendi et omnis temporibus mollitia nam. Magnam sit et ducimus consequatur et reprehenderit quia.'),
('63','30','64','1995-12-17 02:29:12','Itaque ut nulla doloremque illo dolores. Velit accusamus velit perspiciatis. Odio asperiores accusamus esse provident. Placeat esse et rerum est qui consequatur.'),
('64','74','48','2017-03-03 06:59:23','Sed laudantium dolorem ea omnis tenetur quidem. Cum voluptatem qui iure enim laudantium in.'),
('65','49','3','2012-08-25 03:08:51','Ut nam ut fuga mollitia vero voluptas. Asperiores laudantium consequuntur qui odio provident aut. Dolor ipsam iure et dolores corporis quibusdam illum dolorem. Consequatur animi cum eum accusantium animi optio.'),
('66','77','45','2009-04-09 13:23:19','Ipsam totam eos soluta sapiente ea autem possimus. Quisquam voluptate adipisci quam harum voluptates. Facilis nam et est in expedita quia beatae.'),
('67','77','62','1984-09-03 02:14:04','Ut saepe id sed excepturi amet fuga non. Et cumque dolorem est. Omnis velit rerum quis qui. Eum inventore sunt atque qui sit ullam.'),
('68','30','52','1984-03-17 00:51:05','Pariatur itaque dignissimos dolorum facilis quam. Libero iste suscipit vero tempore.'),
('69','11','26','1987-04-18 10:50:49','Iure velit assumenda dolorum deserunt modi eligendi. Nihil culpa modi et quos animi impedit sint. Ut est eum inventore blanditiis consequuntur eveniet exercitationem. Ut rerum animi numquam amet aut.'),
('70','46','99','2011-05-11 18:56:01','Hic reiciendis omnis ducimus doloremque. Explicabo ut eaque culpa officia. Reiciendis ab aut voluptates quis libero saepe hic nam.'),
('71','92','3','2002-02-03 15:41:58','Corrupti ex modi voluptatem sit. Adipisci occaecati non numquam ad et facere quis maxime. Praesentium repudiandae velit vero sed assumenda. Perferendis autem excepturi ipsum.'),
('72','80','20','1977-06-09 04:53:02','Commodi quis labore est cum corporis quasi. Error et eligendi maiores eveniet dolorem vitae. Reiciendis culpa ea provident deleniti ipsum et.'),
('73','1','34','1989-11-27 18:38:07','Qui accusamus consectetur odio quo. Minus aspernatur corporis recusandae ipsam. Numquam dolorem veniam optio earum in.'),
('74','18','17','1995-08-19 22:45:32','Reiciendis nesciunt suscipit veritatis architecto qui quia ut. Ut voluptatem sed commodi aut non reiciendis eos. Quod tenetur sint laborum vero quia vel. Quis velit et delectus consequatur rerum et voluptatem ab.'),
('75','63','81','2004-04-21 11:15:48','Voluptatum cupiditate quam laboriosam rerum quis nemo. Magnam rerum aut numquam repudiandae. Iste atque voluptas ut officiis modi.'),
('76','46','19','1992-03-26 05:02:25','Nostrum quidem placeat ipsum vitae quae consequuntur. Pariatur aut molestiae corrupti doloremque. Possimus harum voluptas quod maxime qui nisi. Nobis soluta vitae rerum qui voluptas ea culpa.'),
('77','11','43','2002-12-22 20:12:34','Ex officia sequi est quidem harum exercitationem et. Nostrum est nisi cumque vel velit aliquam. Et expedita et illum.'),
('78','42','35','1970-04-20 10:08:43','Adipisci distinctio eius quis explicabo voluptate consequuntur. Ex id tenetur reprehenderit impedit. Alias sequi ea ea delectus odio. Aperiam laborum nobis autem recusandae assumenda tenetur ut.'),
('79','31','45','1970-03-12 03:37:40','Molestiae omnis qui quisquam nihil repudiandae quo odio. Ab non excepturi porro voluptas sit. Harum laudantium tempora et impedit.'),
('80','18','3','2011-05-29 10:47:52','Quia suscipit quae consequuntur hic ut. Et voluptas saepe et voluptatem nobis accusamus delectus molestias. Occaecati adipisci vitae eum quod ducimus voluptates iusto.'),
('81','93','40','1986-05-26 05:38:03','Praesentium quis veniam quam doloremque occaecati ducimus. Blanditiis voluptatibus nesciunt doloribus quis. Omnis incidunt veniam laborum quaerat.'),
('82','30','82','2002-12-09 07:36:08','Velit laboriosam omnis enim. Consectetur voluptatem consequatur aut repellendus et ea repellat. Recusandae doloremque neque quia culpa alias nisi perspiciatis. Quae nam repellendus earum ipsum aut culpa est.'),
('83','22','72','1974-09-08 17:29:12','Alias et aut voluptas soluta. Saepe corporis modi aut rerum. Necessitatibus vitae nihil debitis officiis.'),
('84','57','6','1992-04-05 07:44:28','Culpa ex laboriosam aspernatur maiores dolorum nihil ut sint. Cum dolorem molestias officia tempore est officia. Cupiditate quo officiis harum ut. Dolores totam sit impedit aperiam eligendi.'),
('85','21','53','2003-06-26 20:41:27','Quis asperiores voluptas dolores eius est. Dolore qui iste repudiandae nulla. Voluptatum quibusdam ut veritatis enim voluptate ullam. At voluptas temporibus voluptates eligendi quidem animi.'),
('86','41','27','1993-01-28 14:50:15','Vitae debitis ut ab voluptatem. Iure soluta aut et molestiae occaecati facere. Voluptatum consequatur similique harum odio. Incidunt molestiae quia sit distinctio.'),
('87','74','40','2009-04-04 02:42:41','Ut necessitatibus nihil eius maxime quis et sint nulla. Eius iste amet enim enim doloribus. Veniam temporibus corrupti molestiae est laudantium est. Aut blanditiis doloribus eveniet magnam nobis exercitationem est sit. Libero laborum consequatur aut aut a'),
('88','12','89','1998-04-05 12:50:42','Quos et corporis voluptatem temporibus. Veniam provident molestiae et aut. Ut optio placeat ut sunt ut iure odio. Quae non amet ipsum sunt et earum.'),
('89','91','43','1998-08-19 14:53:38','Saepe minus iusto ex rerum cum dicta officia aut. Natus dolores sapiente est impedit aut et. Consequatur cum nihil harum esse provident nobis autem. Nesciunt et illum illo enim quam vero tempore. Minima magni reiciendis voluptatem excepturi error accusamu'),
('90','38','4','2006-10-21 16:17:48','Voluptas ut aut quisquam vitae qui omnis nam. Esse ut quo voluptatum hic dignissimos voluptas. Consectetur sit voluptate ratione repellat beatae id.'),
('91','29','78','1975-04-01 19:35:08','Eos error nihil odit nesciunt sit. Praesentium voluptatem consequatur maxime perferendis non eaque. Voluptas et officia reiciendis esse tempora cupiditate maxime. Sit dicta sit ratione dolorem quod eos.'),
('92','21','66','2002-10-29 16:57:29','Ipsa hic velit odio pariatur aut earum delectus. Non ipsam sequi quo omnis vero et. Ut praesentium cumque sint odit maiores cum laboriosam. Placeat voluptatem quia repudiandae est voluptas occaecati non. Ratione ex dolor in sint.'),
('93','2','59','1998-05-26 21:09:35','Tempore quam commodi necessitatibus quis est. Quisquam impedit nostrum itaque. Quia eaque doloribus minus dolore iusto quidem a.'),
('94','46','51','1981-06-28 19:22:06','Sapiente et non distinctio id ut et inventore consequuntur. Excepturi id magni velit voluptate et qui. Non rerum aut assumenda maxime assumenda ut corporis. Voluptatibus et et sed quibusdam recusandae officia esse.'),
('95','29','68','2006-06-13 01:48:33','Quis quos aliquam consequatur numquam non. Aliquam doloremque corporis eveniet rerum doloremque officia ipsum. Cum vel laudantium architecto. Tempore quia qui quas maxime.'),
('96','22','58','1974-07-21 00:41:04','Sed ipsa voluptatum ut facere voluptatum ea et. Et quibusdam repellendus omnis harum doloremque.'),
('97','92','3','1979-09-12 02:07:07','Voluptas voluptatem eveniet eos eaque et. Voluptatibus voluptates et vitae. Perspiciatis iste tenetur qui a qui. Sit sed consequatur quod facere modi nobis molestias eveniet.'),
('98','41','98','1984-02-03 03:50:46','Est dolorem non magni at reiciendis. Et quibusdam quasi qui et exercitationem et fugit. Dolorem dolorem dolores ea qui facilis voluptatum velit. Veniam minus vel non aspernatur cum iusto sunt.'),
('99','63','78','1973-11-27 23:40:16','Enim dolore dolor qui aliquam. Quasi rerum repudiandae vitae et ullam vitae. Deleniti harum laudantium qui est.'),
('100','10','75','2019-03-29 07:26:04','Velit enim velit eum molestiae quis earum qui. Ea labore debitis omnis aut vero voluptate dolores. Dolorum dolorem quia adipisci corporis nobis quo recusandae.'); 


/*!40101 SET SQL_MODE=@OLD_SQL_MODE */;
/*!40014 SET FOREIGN_KEY_CHECKS=@OLD_FOREIGN_KEY_CHECKS */;
/*!40014 SET UNIQUE_CHECKS=@OLD_UNIQUE_CHECKS */;
/*!40101 SET CHARACTER_SET_CLIENT=@OLD_CHARACTER_SET_CLIENT */;
/*!40101 SET CHARACTER_SET_RESULTS=@OLD_CHARACTER_SET_RESULTS */;
/*!40101 SET COLLATION_CONNECTION=@OLD_COLLATION_CONNECTION */;
/*!40111 SET SQL_NOTES=@OLD_SQL_NOTES */;



-- Generation time: Fri, 20 Mar 2020 08:26:56 +0000
-- Host: mysql.hostinger.ro
-- DB name: u574849695_25
/*!40030 SET NAMES UTF8 */;
/*!40101 SET @OLD_CHARACTER_SET_CLIENT=@@CHARACTER_SET_CLIENT */;
/*!40101 SET @OLD_CHARACTER_SET_RESULTS=@@CHARACTER_SET_RESULTS */;
/*!40101 SET @OLD_COLLATION_CONNECTION=@@COLLATION_CONNECTION */;
/*!40103 SET @OLD_TIME_ZONE=@@TIME_ZONE */;
/*!40103 SET TIME_ZONE='+00:00' */;
/*!40014 SET @OLD_UNIQUE_CHECKS=@@UNIQUE_CHECKS, UNIQUE_CHECKS=0 */;
/*!40014 SET @OLD_FOREIGN_KEY_CHECKS=@@FOREIGN_KEY_CHECKS, FOREIGN_KEY_CHECKS=0 */;
/*!40101 SET @OLD_SQL_MODE=@@SQL_MODE, SQL_MODE='NO_AUTO_VALUE_ON_ZERO' */;
/*!40111 SET @OLD_SQL_NOTES=@@SQL_NOTES, SQL_NOTES=0 */;

INSERT INTO `otp` VALUES ('1','8175a5bd-44c3-36af-adfb-55e5290482d4','1','1978-11-05 23:59:55','2014-05-20 22:48:23','1','1','159.28.93.95'),
('2','a1e874c7-9a82-384e-8289-2fb02fa4973a','2','1979-08-09 13:08:19','2001-07-07 03:01:41','1','1','120.118.119.28'),
('3','e250165c-0b7c-360b-8556-bd36856c7ce5','3','1981-09-04 10:50:02','1977-09-27 10:55:40','1','0','242.7.193.112'),
('4','7ab3e85c-c3b2-306b-910b-7776bab8110e','4','1998-03-12 12:33:08','2002-12-28 01:46:31','1','0','174.120.49.52'),
('5','e275db27-eecf-379a-b9c6-87ca1dd0d6c0','5','1970-06-08 13:44:02','1973-01-23 13:38:07','1','0','39.235.13.45'),
('6','6a3de4ff-cb73-3cc0-a9c1-464f6951367c','6','2011-04-17 05:51:58','1989-07-16 21:38:37','1','0','41.138.211.8'),
('7','266adf38-3997-3b31-a730-781a15cb4702','7','2000-03-17 01:37:37','1990-08-23 12:33:13','1','0','126.52.116.183'),
('8','dc18591c-2fdf-3f51-b54e-00a57eaa0ef4','8','1992-04-25 19:08:41','1982-01-08 15:03:37','1','0','47.83.191.122'),
('9','e1f94947-4ad5-36b1-84c4-24fc3ad0c682','9','1976-06-11 06:59:25','2013-08-15 20:14:36','1','1','252.249.14.70'),
('10','bac74f9c-43c7-3450-86cd-13618eee8fc7','10','1977-07-07 01:52:10','1973-08-14 14:10:22','1','0','21.254.177.50'),
('11','2b1a64a1-6b0d-3ab2-91e7-d7d5c2acca6c','11','1974-04-15 00:51:17','2000-09-06 11:32:34','1','1','87.229.166.67'),
('12','56da2665-ab9b-3664-bdb1-8627b5e9e2f7','12','1984-07-15 22:27:58','1973-03-22 23:22:59','1','0','59.73.128.237'),
('13','43ca73e6-8f42-3c5b-9ddf-df3276553379','13','2014-01-21 19:08:52','2014-01-23 20:59:52','1','0','127.12.205.253'),
('14','0a491803-8532-35db-a02e-8617f1aa5977','14','1982-08-11 22:35:08','2018-11-29 13:42:36','1','1','87.71.151.140'),
('15','4bae1c6a-0077-3997-b58d-0a281707d056','15','2007-10-22 18:42:17','1982-01-14 14:42:45','1','0','201.167.250.247'),
('16','38b2bcf0-fa2e-3f20-ba8a-b51de762a1c7','16','2003-05-10 13:47:56','2013-02-03 03:15:55','1','0','49.69.244.244'),
('17','ffae7514-3065-33dd-9591-44f86bd82a80','17','2012-12-28 22:12:45','1988-12-03 13:17:45','1','1','89.253.233.241'),
('18','f63c2684-3426-3dad-b242-7a8d46f9e6e6','18','2005-10-24 00:18:59','2000-11-08 01:41:58','1','0','95.143.220.152'),
('19','105e9e6b-3e6c-3dce-a5e6-31fa73af0dde','19','2002-09-13 13:31:24','2007-03-13 06:03:37','1','0','42.17.254.173'),
('20','61b35304-2c2f-3968-9991-6de1e836c5b7','20','1987-01-09 07:24:04','1988-07-13 14:41:40','1','1','221.139.110.214'),
('21','5dcd07f1-24ee-3d53-ba42-48496c21d175','21','1983-02-03 23:44:05','2007-04-29 17:52:17','1','1','245.243.216.191'),
('22','768d006d-5a69-3bd3-89bb-483bc0969356','22','2006-03-13 23:27:08','2003-04-13 13:45:54','1','1','7.44.68.216'),
('23','9734978e-f1bc-3d2f-9073-514d1fb732ea','23','1971-03-27 19:37:30','2014-12-26 08:26:28','1','1','207.14.170.60'),
('24','5112ec0b-b4ae-33f1-a996-df94f626f822','24','1992-12-07 13:10:09','1998-06-30 00:18:57','1','0','151.197.21.134'),
('25','f4aafd42-dd0b-38d6-8e20-297d27127dd0','25','1981-08-29 04:16:51','1975-05-26 22:40:42','1','0','47.163.126.206'),
('26','ee34694d-2ce8-3bd9-bbcb-b327a58a1ad5','26','1991-08-22 21:41:05','1977-03-30 01:25:40','1','0','38.167.31.236'),
('27','ad5e5590-a08f-3b2f-b737-6943c7eb1fc9','27','2010-05-01 15:53:43','1978-10-12 18:32:24','1','1','62.60.250.42'),
('28','70dd384c-6630-3bb8-a54b-5555028e6590','28','1994-02-04 05:04:08','1984-06-28 15:26:14','1','1','30.235.241.103'),
('29','8b791b99-8469-362e-8a05-95449a82f7e3','29','1992-02-19 05:49:31','2005-05-02 18:19:53','1','0','86.146.95.168'),
('30','0120f624-738c-38b4-8eb3-5274a7ac83b8','30','1989-06-18 14:19:05','1987-02-13 10:39:37','1','1','23.144.225.144'),
('31','3398c94a-9f06-387b-a086-25a063be99be','31','1992-03-12 23:00:41','2005-08-11 15:17:55','1','0','165.100.231.114'),
('32','478f46eb-1bee-3cbe-86c4-dd5cae96aa3a','32','1980-11-22 23:58:54','2006-07-18 00:10:53','1','1','72.107.250.238'),
('33','685269a2-9cbf-301c-9d17-d2fa8c9c400f','33','2012-03-23 14:18:19','1992-11-03 02:22:59','1','0','4.244.142.170'),
('34','69e09b87-dce0-3ddb-b1d2-f884b81c0003','34','1975-01-14 18:07:49','2019-03-12 03:31:56','1','0','233.254.8.51'),
('35','23a11a9f-7037-3dbd-8896-28d7429215d0','35','2004-06-18 11:35:37','2008-09-30 21:39:28','1','0','197.154.89.164'),
('36','e97d962b-372f-3ac1-85b1-d4bcb4c53c77','36','1997-11-02 14:54:45','1974-04-08 16:25:38','1','0','108.57.118.158'),
('37','1a5d7b53-d56c-37d4-96c9-070745b5ea7b','37','1990-03-10 06:39:28','1996-06-07 23:30:01','1','1','81.5.47.59'),
('38','2fe96cc8-f6bb-3698-9372-6d3664fa3b0d','38','1984-02-11 01:01:19','1975-10-21 20:29:47','1','1','171.41.6.223'),
('39','a25326e0-9c1d-3cb6-af0b-12ded831068f','39','2014-11-22 12:06:49','1992-01-08 16:44:12','1','0','71.128.207.201'),
('40','e3480845-f13f-3ee3-80c8-bb77be409a4d','40','1981-12-04 05:11:15','1995-01-27 10:05:59','1','0','38.248.213.27'),
('41','e8316879-6937-3638-8636-397db37b8ea8','41','2007-11-22 08:08:02','2012-05-01 20:46:36','1','0','86.119.84.8'),
('42','c2cf5252-34b6-37dc-949c-5151a1254c9a','42','1992-11-13 04:46:53','1988-02-10 21:34:14','1','0','233.2.33.198'),
('43','fd83c4ea-0897-3148-a161-65b8f6df75bc','43','1972-11-14 06:06:46','1979-07-29 22:59:02','1','0','124.101.59.201'),
('44','3053c3c9-02d6-30c6-b716-a4b5dbdd6ccd','44','1979-09-19 02:10:03','2005-05-09 19:41:57','1','1','15.236.114.225'),
('45','9f5cc1c0-6c2f-326a-b8f0-876c8ac2b19b','45','1989-12-01 21:59:00','1975-07-05 15:59:53','1','0','200.154.187.105'),
('46','68062e97-c3a6-3531-b37d-ae2bea3b15d5','46','1977-05-17 18:17:50','1979-03-23 17:19:19','1','0','191.165.169.12'),
('47','aad956bf-8875-3459-b2b7-cf12e9fb2e0b','47','2010-12-27 06:10:16','2008-04-07 12:27:42','1','0','63.85.77.12'),
('48','46c795cf-7c5d-30a0-9746-69250791ffd4','48','2011-12-17 02:28:37','2008-05-27 16:45:52','1','0','102.19.251.93'),
('49','923bdbb4-ca1a-3eb0-9317-7d12fce823e5','49','1988-10-05 09:52:39','2015-10-08 11:59:30','1','0','15.64.106.119'),
('50','ca56911d-9758-3ebc-86e6-23d19fbc3816','50','2000-01-03 14:52:45','1994-01-29 15:39:52','1','1','108.223.61.35'),
('51','67b62195-b0a0-385e-8542-09f54e26f46f','51','1997-01-16 03:12:12','1971-05-04 14:19:07','1','1','23.230.80.68'),
('52','78eda996-bad1-3d63-95a8-e6040050fec8','52','1980-04-17 16:27:23','1970-12-07 04:17:11','1','0','178.250.16.28'),
('53','234384a1-084c-3808-8610-08bf13ccfd8e','53','1982-06-13 05:03:42','2011-01-30 00:39:10','1','1','194.10.200.128'),
('54','03010c7d-2c5d-3ccd-bfb4-1cfb135da8a2','54','2003-01-17 01:09:59','1977-05-04 14:05:56','1','0','185.146.38.235'),
('55','24c5f07d-d733-30a7-ab86-2d1891456bdb','55','1997-08-19 02:45:02','1974-10-19 11:03:20','1','1','184.124.31.121'),
('56','beb783b6-e201-31f4-bb7c-9ba9285e20f1','56','1999-04-18 01:00:21','1989-06-14 02:45:51','1','0','214.234.36.121'),
('57','66ab866f-48f3-3052-ad67-b3a96d4d1b3c','57','1984-09-19 12:37:58','1999-03-30 19:12:58','1','1','44.109.148.226'),
('58','c18dbbfa-3fc2-32a5-a27b-53bf5a7a0c17','58','1980-02-02 06:33:19','2008-08-05 04:39:46','1','1','137.46.29.46'),
('59','319d7be8-ed61-398c-ac6a-79cbd2546920','59','2006-04-03 06:39:41','1971-10-27 02:53:11','1','0','171.10.2.243'),
('60','2c5a581f-125d-39ed-95a6-dcd58f0cd751','60','2001-10-18 13:03:53','1995-04-03 13:35:49','1','0','66.137.89.181'),
('61','07ebc226-b576-3caf-b945-b17e09e1023c','61','1975-06-02 03:20:22','1998-07-16 09:16:42','1','1','178.237.170.110'),
('62','02dc4d76-a967-3d48-b9fb-4f7774c35cdf','62','1989-11-03 12:29:22','2010-04-22 18:14:00','1','0','4.15.190.217'),
('63','d0bcce4f-a821-34e2-b3ce-5407d8829ad9','63','1999-08-01 04:23:04','2009-05-28 19:03:24','1','0','235.60.7.39'),
('64','37699f47-2ed0-3cc2-9a46-dd605191b29a','64','2009-07-05 01:42:38','1988-06-19 06:57:27','1','1','149.107.216.173'),
('65','9a90c280-0120-3959-835e-99b910dd740e','65','2004-11-16 21:51:05','1982-11-07 12:28:51','1','0','183.14.60.143'),
('66','30ada50f-d4e7-367b-84ac-243fe1e90145','66','2011-12-16 21:52:33','1984-04-26 17:13:11','1','0','127.153.147.150'),
('67','356398c6-c893-3da5-b3b8-3f21ece434c4','67','2004-08-21 04:51:35','2019-08-03 00:05:21','1','0','151.249.128.70'),
('68','18a1ea84-eb5e-3b10-a2d5-51aa8ef9c62f','68','2015-04-30 21:54:17','2013-05-03 02:04:42','1','1','149.202.41.188'),
('69','d0524199-5a52-3450-812d-d8f1d4d2f020','69','2018-03-29 08:19:38','2007-04-25 08:31:00','1','1','84.63.125.100'),
('70','d94cd153-3917-3809-96ef-ea66b95a80e8','70','2012-03-17 15:50:06','1990-06-18 23:42:41','1','0','81.229.59.8'),
('71','99883401-a477-3d44-981a-1acab4ee2dd7','71','1980-04-29 05:00:40','1970-06-05 21:27:26','1','1','5.108.139.153'),
('72','eff38e9c-10d2-3d79-b4f5-6029a63ea458','72','1975-07-15 22:33:41','1973-02-08 22:12:43','1','0','248.145.177.192'),
('73','a817be89-cf37-3747-9a77-e16d82994726','73','1978-04-20 23:24:44','1991-07-07 20:37:20','1','0','229.24.106.200'),
('74','6b9d9a41-ebc4-3de9-905c-2d96bca549f6','74','1990-08-12 16:20:14','2011-03-14 13:51:51','1','1','131.111.36.5'),
('75','09829cb2-a6f9-3346-9c91-0562679b425f','75','1999-10-04 02:35:08','2014-01-11 04:10:03','1','1','81.114.56.83'),
('76','46c65c86-185a-392a-aa03-3f19eb9823c1','76','2015-08-30 05:16:13','1995-07-28 12:38:17','1','0','122.182.91.55'),
('77','ed119de0-10e9-3de4-bea7-654236cc3b4f','77','2015-11-18 13:10:48','2015-03-16 07:24:36','1','0','30.179.15.28'),
('78','bd2f3665-a95f-3d48-a60c-8f76d94ee02f','78','1984-10-05 19:43:22','2008-04-09 07:49:38','1','0','87.91.173.135'),
('79','edc26e38-d213-35cd-8238-b98cab50b6ca','79','1985-02-21 06:43:48','2020-03-21 14:10:43','1','1','222.126.120.248'),
('80','9460e8fb-fcef-385d-8eaa-f8c69c1af752','80','1997-04-04 00:36:39','1986-08-13 02:54:38','1','0','82.49.99.141'),
('81','bab06031-16e9-39af-91f0-52ce0bbb2fb0','81','1972-11-20 22:03:12','2003-05-09 08:37:52','1','0','133.202.28.186'),
('82','4225658f-3808-33b7-8080-160d46ee20d3','82','1991-11-30 12:56:50','1995-08-19 10:24:36','1','0','46.145.15.124'),
('83','35d19d1d-4766-3575-84cb-70e138b66fb7','83','1986-04-18 01:13:05','1993-05-31 04:07:34','1','0','100.63.2.47'),
('84','1bc28693-49cd-388a-836c-30b1e2bf9da3','84','1984-11-19 02:11:24','1973-04-10 21:43:22','1','0','62.151.220.233'),
('85','602ef02c-468c-38c7-bec5-7656aad493e4','85','1974-10-08 07:37:39','1981-04-12 06:49:49','1','1','114.132.4.204'),
('86','caf46b93-2cbd-3479-88be-0d60de3605ae','86','1971-12-08 01:05:40','1991-08-26 03:01:19','1','0','115.147.180.193'),
('87','07cc081c-8a0e-347f-bcb7-40155ddd8644','87','1984-07-27 20:30:39','2007-06-16 06:52:07','1','1','198.113.84.93'),
('88','47935fd8-8d7a-306d-8d49-4c96a518d856','88','2015-11-10 23:55:14','1975-01-21 15:20:33','1','0','109.63.237.61'),
('89','37992bd5-9715-3e64-a2aa-86a477181e2b','89','2014-05-13 09:17:33','2000-06-23 07:00:32','1','0','66.169.152.160'),
('90','25f3c8d6-6733-3545-993c-2b8ab3449a13','90','2012-08-31 05:07:34','1981-10-26 10:32:52','1','0','129.48.159.32'),
('91','48ad207f-4466-3af5-998c-657030131f11','91','1980-03-26 07:29:53','1978-02-07 16:35:33','1','0','96.201.20.150'),
('92','062e3863-b66b-3606-bb1f-03d722a41456','92','1978-12-09 17:07:22','2003-06-14 17:32:48','1','1','61.73.121.207'),
('93','f555d63d-d706-32c0-949c-f6a53c4ba95b','93','1986-03-22 22:26:49','2015-01-13 16:26:18','1','0','123.94.81.243'),
('94','dc7c585f-8c77-3439-b1d4-cb63301bf4da','94','2008-07-16 12:57:12','2004-11-17 20:04:46','1','1','234.159.131.76'),
('95','f2c79788-8f03-38ad-910e-c8c8aac03744','95','1972-04-18 13:55:35','1991-05-13 07:14:01','1','1','182.57.63.120'),
('96','fcc6d9f4-3e75-384a-9a1b-bbc25ddee8db','96','1994-09-27 16:03:12','1993-04-12 16:53:37','1','0','85.169.176.186'),
('97','f566f862-254b-3226-9ba0-18499bccfb82','97','2010-03-21 11:47:57','1980-03-09 05:34:36','1','0','116.7.250.55'),
('98','32b3704b-08d3-37e0-b7e1-d15feb5aa39e','98','1981-02-23 23:34:42','1997-11-06 00:34:10','1','0','149.128.252.91'),
('99','360c019a-ac8e-3065-b83d-99fa86d9f5b9','99','1986-09-16 11:24:43','2004-04-17 09:41:18','1','1','33.180.55.203'),
('100','d60c2c0f-207e-38c8-95d1-3fbd414197da','100','1999-02-15 10:10:51','1998-07-11 23:08:08','1','0','176.134.107.87'); 




/*!40101 SET SQL_MODE=@OLD_SQL_MODE */;
/*!40014 SET FOREIGN_KEY_CHECKS=@OLD_FOREIGN_KEY_CHECKS */;
/*!40014 SET UNIQUE_CHECKS=@OLD_UNIQUE_CHECKS */;
/*!40101 SET CHARACTER_SET_CLIENT=@OLD_CHARACTER_SET_CLIENT */;
/*!40101 SET CHARACTER_SET_RESULTS=@OLD_CHARACTER_SET_RESULTS */;
/*!40101 SET COLLATION_CONNECTION=@OLD_COLLATION_CONNECTION */;
/*!40111 SET SQL_NOTES=@OLD_SQL_NOTES */;


INSERT INTO `cashierscheck` VALUES ('1','30','Henri','Johnson','Tillman','1','519769632.80436'),
('2','43','German','Zboncak','Carolyn','','4442.00000'),
('3','63','Claud','Feest','Alda','','4164.72302'),
('4','86','Eusebio','Tromp','Branson','1','4332.39625'),
('5','20','Judah','Dibbert','Emilio','','349.49427'),
('6','5','Forest','Simonis','Valerie','1','1.60870'),
('7','18','Mohammad','Roberts','Jason','','97731221.50000'),
('8','7','Deshaun','Streich','Garland','1','15811.78230'),
('9','64','Ozella','McKenzie','Cortez','1','919.50000'),
('10','99','Shanel','Willms','Cayla','','19217.54244'),
('11','29','Aron','Zboncak','Collin','1','8882.91000'),
('12','11','Bruce','Connelly','Fern','1','10750182.80000'),
('13','50','Ariane','Goldner','Caterina','','151756.58000'),
('14','17','Sandy','Bergstrom','Marilou','','0.00000'),
('15','58','Sonia','Schroeder','Brandi','1','0.00000'),
('16','16','Eulalia','Roberts','Georgiana','1','5.45493'),
('17','58','Prudence','Aufderhar','Okey','1','44.67680'),
('18','2','Nathanial','Considine','Telly','1','0.00000'),
('19','14','Shanna','Brekke','Saul','1','5801653.70000'),
('20','67','Dan','Cronin','Lacy','1','2967.61720'),
('21','92','Roslyn','Roberts','Lizzie','','102.34991'),
('22','73','Kay','Huels','Carleton','','948726.00000'),
('23','81','Andreanne','Kassulke','Minnie','1','959.19723'),
('24','25','Larissa','Murray','Katherine','1','168908.06010'),
('25','79','Ignatius','Lind','Trudie','1','78649317.18667'),
('26','34','Melany','Labadie','Janiya','1','897072.51000'),
('27','80','Alia','Macejkovic','Amelia','','4077.44000'),
('28','7','Jaren','Lynch','Camilla','','168.80660'),
('29','18','Hosea','Fadel','Amina','1','2.36010'),
('30','64','Tyreek','Batz','Victor','1','0.89725'),
('31','18','Noah','Becker','Lessie','','974.30000'),
('32','1','Ashleigh','Kris','Felton','1','2240.85503'),
('33','25','Isabel','Lockman','Maiya','1','51613171.05500'),
('34','95','Douglas','Glover','Berneice','','1.53931'),
('35','69','Tony','Murazik','John','1','0.20000'),
('36','87','Kristina','Lang','Gaston','','0.00000'),
('37','74','Jeremy','Torp','Aglae','','3112505.57620'),
('38','81','Boris','Swaniawski','Mariam','','539.34113'),
('39','71','Rosario','Lang','Dashawn','','0.00000'),
('40','8','Hyman','Hettinger','Kyra','1','0.37025'),
('41','67','Ervin','Johnson','Avis','1','49907212.12479'),
('42','34','Hallie','Conn','Janice','','779060906.65150'),
('43','9','Al','Kub','Beatrice','1','4652336.06350'),
('44','72','Wilhelmine','Nitzsche','Naomi','1','2082.60000'),
('45','3','Mandy','Bechtelar','Alba','1','19336.31666'),
('46','19','Ruthie','Maggio','Cleo','','800047.22420'),
('47','59','Laurie','Orn','Coleman','1','25097.83350'),
('48','84','Dario','Spencer','Breanne','1','1215026.36000'),
('49','91','Dolores','Wolff','Alexandria','','2.39657'),
('50','90','Edwardo','Nader','Tyra','1','862.77271'),
('51','30','Spencer','Stoltenberg','Mose','1','75770585.00000'),
('52','3','Althea','Mills','Jerrell','','10505956.65994'),
('53','54','Shemar','Hand','Lyric','1','9856.27082'),
('54','35','Gilbert','Beier','Agustina','1','50.00000'),
('55','34','Joana','Watsica','Dangelo','','1830.70547'),
('56','29','Mireya','Boehm','Talia','','8860.40287'),
('57','30','Kattie','Dickinson','Georgette','','4336.48524'),
('58','53','Sydnie','Wolf','Cara','','22937628.93900'),
('59','11','Marcella','Langosh','Zakary','','461649299.94431'),
('60','1','Kamryn','Feest','Donnie','1','51034292.00000'),
('61','94','Adam','Mraz','Kelton','1','45992879.66695'),
('62','69','Scot','Feil','Bennett','1','417.90000'),
('63','41','Kirsten','Becker','Zoila','','12.66000'),
('64','40','Mitchel','Jaskolski','Clair','','0.06700'),
('65','25','Kayli','Macejkovic','Jaycee','','31802188.67426'),
('66','28','Paxton','Hammes','Cicero','','15309.77500'),
('67','95','Maye','Breitenberg','Sheridan','1','38792318.76640'),
('68','36','Bryce','Gibson','Enrico','1','0.50970'),
('69','99','Travon','Brekke','Janick','1','2523.86729'),
('70','78','Lionel','Ledner','Yasmin','','21594.67000'),
('71','26','Fae','Hammes','Wellington','1','1528.38000'),
('72','80','Itzel','Conn','Gabriella','1','878471.12459'),
('73','57','Malachi','Berge','Lavinia','','0.00000'),
('74','96','Ava','Hirthe','Carroll','','2.00000'),
('75','57','Violet','Mueller','Sheldon','','120890587.37100'),
('76','48','Gage','Halvorson','Julian','1','472188.37300'),
('77','32','Jalen','Reichert','Macy','1','0.00000'),
('78','98','Rowan','O\'Conner','Macy','1','0.00000'),
('79','7','Ian','Nicolas','Rhea','','115199022.40000'),
('80','15','Josephine','Kassulke','Kirsten','','225665.80000'),
('81','39','Autumn','Jenkins','Rafael','','0.89770'),
('82','25','Earnestine','Smitham','Guy','','46549.87236'),
('83','8','Kirsten','Frami','Devante','','4186033.00000'),
('84','68','Joanne','Zulauf','Bernice','','7405551.78580'),
('85','71','Margarete','Kris','Lauren','1','24.91319'),
('86','74','Jeff','Mayert','Franz','','1139469.00000'),
('87','60','Robb','McGlynn','Nicole','','320.46205'),
('88','95','Athena','Kilback','Ewald','','325849.46070'),
('89','3','Filomena','Kshlerin','Brody','1','10957.53410'),
('90','41','Esteban','Swaniawski','Teagan','1','44177.00000'),
('91','91','Lyda','Harber','Benny','1','223106.20530'),
('92','58','Cecil','Mohr','Thalia','','21.47280'),
('93','93','Uriah','Wolf','Rylan','1','29187.20747'),
('94','43','Dianna','Parisian','Frankie','1','4.37605'),
('95','97','Violette','Collins','Kaya','1','14795494.70897'),
('96','62','Wilford','O\'Keefe','Ashleigh','','7.60904'),
('97','61','Graham','Bailey','Neha','','680.51500'),
('98','88','Bradley','Runte','Heber','1','10.00717'),
('99','53','Tate','Lubowitz','Victoria','1','41126773.99000'),
('100','36','Alayna','Mosciski','Trever','1','206426.62784'); 


